open_time,open,high,low,close,volume
2025-12-13 16:00:00,0.685,0.69,0.685,0.69,58698.8
2025-12-13 17:00:00,0.69,0.691,0.687,0.688,44624.86
2025-12-13 18:00:00,0.688,0.688,0.685,0.686,45277.92
2025-12-13 19:00:00,0.686,0.687,0.685,0.686,20504.63
2025-12-13 20:00:00,0.686,0.686,0.682,0.683,63531.84
2025-12-13 21:00:00,0.683,0.685,0.682,0.685,48066.73
2025-12-13 22:00:00,0.685,0.686,0.681,0.685,45203.21
2025-12-13 23:00:00,0.684,0.689,0.683,0.687,43075.4
2025-12-14 00:00:00,0.687,0.687,0.68,0.684,57582.46
2025-12-14 01:00:00,0.683,0.684,0.681,0.682,37026.82
2025-12-14 02:00:00,0.681,0.681,0.67,0.675,136057.92
2025-12-14 03:00:00,0.674,0.674,0.664,0.668,135333.25
2025-12-14 04:00:00,0.667,0.667,0.662,0.666,152223.69
2025-12-14 05:00:00,0.666,0.668,0.662,0.665,56625.66
2025-12-14 06:00:00,0.666,0.667,0.662,0.666,70574.64
2025-12-14 07:00:00,0.666,0.669,0.665,0.665,67354.63
2025-12-14 08:00:00,0.665,0.669,0.662,0.663,41196.2
2025-12-14 09:00:00,0.663,0.663,0.656,0.659,99280.91
2025-12-14 10:00:00,0.66,0.66,0.654,0.658,56254.66
2025-12-14 11:00:00,0.658,0.658,0.649,0.653,122064.56
2025-12-14 12:00:00,0.653,0.658,0.651,0.657,40571.25
2025-12-14 13:00:00,0.657,0.657,0.652,0.655,58791.31
2025-12-14 14:00:00,0.656,0.658,0.648,0.65,57500.09
2025-12-14 15:00:00,0.65,0.653,0.648,0.653,48714.63
2025-12-14 16:00:00,0.652,0.658,0.651,0.657,59801.04
2025-12-14 17:00:00,0.657,0.657,0.649,0.651,46157.07
2025-12-14 18:00:00,0.65,0.659,0.65,0.659,29863.26
2025-12-14 19:00:00,0.659,0.668,0.657,0.667,129643.98
2025-12-14 20:00:00,0.667,0.674,0.663,0.672,164272.91
2025-12-14 21:00:00,0.671,0.674,0.654,0.658,220925.35
2025-12-14 22:00:00,0.658,0.661,0.649,0.653,87024.11
2025-12-14 23:00:00,0.654,0.656,0.644,0.653,197704.68
2025-12-15 00:00:00,0.652,0.655,0.643,0.651,122930.37
2025-12-15 01:00:00,0.651,0.667,0.651,0.667,84218.5
2025-12-15 02:00:00,0.666,0.67,0.658,0.658,107750.56
2025-12-15 03:00:00,0.658,0.66,0.655,0.66,95333.39
2025-12-15 04:00:00,0.659,0.662,0.658,0.661,63405.88
2025-12-15 05:00:00,0.66,0.675,0.66,0.674,83671.39
2025-12-15 06:00:00,0.673,0.676,0.666,0.672,113957.18
2025-12-15 07:00:00,0.672,0.673,0.664,0.672,125738.76
2025-12-15 08:00:00,0.672,0.673,0.665,0.672,77756.5
2025-12-15 09:00:00,0.672,0.679,0.669,0.673,198022.52
2025-12-15 10:00:00,0.672,0.684,0.666,0.674,234454.27
2025-12-15 11:00:00,0.674,0.686,0.672,0.68,346099.5
2025-12-15 12:00:00,0.68,0.681,0.671,0.679,250726.32
2025-12-15 13:00:00,0.679,0.68,0.671,0.673,93302.05
2025-12-15 14:00:00,0.672,0.677,0.655,0.659,230000.99
2025-12-15 15:00:00,0.658,0.661,0.642,0.648,417858.32
2025-12-15 16:00:00,0.648,0.66,0.644,0.65,285736.19
2025-12-15 17:00:00,0.649,0.666,0.645,0.66,210827.55
2025-12-15 18:00:00,0.659,0.683,0.657,0.679,416992.56
2025-12-15 19:00:00,0.679,0.69,0.67,0.683,325907.72
2025-12-15 20:00:00,0.68,0.689,0.676,0.679,348092.59
2025-12-15 21:00:00,0.679,0.681,0.674,0.68,255117.09
2025-12-15 22:00:00,0.68,0.686,0.678,0.682,223945.2
2025-12-15 23:00:00,0.683,0.685,0.668,0.671,177577.45
2025-12-16 00:00:00,0.67,0.69,0.666,0.669,402951.01
2025-12-16 01:00:00,0.668,0.68,0.66,0.679,181467.56
2025-12-16 02:00:00,0.678,0.711,0.678,0.697,425021.75
2025-12-16 03:00:00,0.698,0.72,0.697,0.709,421694.14
2025-12-16 04:00:00,0.708,0.749,0.696,0.72,1013824.19
2025-12-16 05:00:00,0.72,0.73,0.71,0.717,354275.89
2025-12-16 06:00:00,0.717,0.735,0.712,0.732,233381.28
2025-12-16 07:00:00,0.732,0.762,0.72,0.726,1124265.33
2025-12-16 08:00:00,0.726,0.727,0.693,0.7,366608.15
2025-12-16 09:00:00,0.7,0.703,0.688,0.693,141637.93
2025-12-16 10:00:00,0.693,0.707,0.692,0.703,130529.76
2025-12-16 11:00:00,0.703,0.723,0.702,0.719,481666.67
2025-12-16 12:00:00,0.718,0.753,0.703,0.708,810931.37
2025-12-16 13:00:00,0.708,0.717,0.702,0.705,372760.74
2025-12-16 14:00:00,0.704,0.726,0.701,0.719,341171.27
2025-12-16 15:00:00,0.72,0.744,0.708,0.731,310941.93
2025-12-16 16:00:00,0.731,0.735,0.722,0.722,222784.77
2025-12-16 17:00:00,0.723,0.725,0.71,0.71,184160.72
2025-12-16 18:00:00,0.71,0.712,0.704,0.705,101789.29
2025-12-16 19:00:00,0.705,0.705,0.697,0.702,61377.35
2025-12-16 20:00:00,0.702,0.719,0.702,0.71,195479.74
2025-12-16 21:00:00,0.71,0.715,0.71,0.713,71536.78
2025-12-16 22:00:00,0.714,0.715,0.706,0.713,53709.59
2025-12-16 23:00:00,0.712,0.724,0.709,0.719,94534.73
2025-12-17 00:00:00,0.718,0.729,0.698,0.701,211962.97
2025-12-17 01:00:00,0.7,0.704,0.693,0.698,75685.3
2025-12-17 02:00:00,0.696,0.713,0.695,0.708,186871.34
2025-12-17 03:00:00,0.708,0.709,0.684,0.686,156975.2
2025-12-17 04:00:00,0.687,0.694,0.684,0.69,57059.21
2025-12-17 05:00:00,0.689,0.69,0.679,0.684,102128.21
2025-12-17 06:00:00,0.684,0.692,0.682,0.69,40853.58
2025-12-17 07:00:00,0.689,0.691,0.685,0.688,83733.54
2025-12-17 08:00:00,0.689,0.69,0.679,0.682,118455.92
2025-12-17 09:00:00,0.681,0.685,0.677,0.68,46558.06
2025-12-17 10:00:00,0.679,0.682,0.677,0.68,68294.51
2025-12-17 11:00:00,0.68,0.683,0.676,0.678,94544.93
2025-12-17 12:00:00,0.678,0.683,0.676,0.678,79336.2
2025-12-17 13:00:00,0.678,0.687,0.678,0.685,96196.68
2025-12-17 14:00:00,0.686,0.687,0.669,0.685,149699.26
2025-12-17 15:00:00,0.686,0.694,0.669,0.672,265827.68
2025-12-17 16:00:00,0.671,0.674,0.658,0.668,186580.08
2025-12-17 17:00:00,0.668,0.675,0.661,0.662,100388.1
2025-12-17 18:00:00,0.662,0.664,0.651,0.652,114653.01
2025-12-17 19:00:00,0.652,0.657,0.647,0.654,149849.11
2025-12-17 20:00:00,0.655,0.659,0.651,0.654,50731.24
2025-12-17 21:00:00,0.655,0.658,0.653,0.656,47479.16
2025-12-17 22:00:00,0.656,0.662,0.654,0.662,49803.18
2025-12-17 23:00:00,0.661,0.661,0.657,0.657,43046.41
2025-12-18 00:00:00,0.657,0.68,0.65,0.656,542052.78
2025-12-18 01:00:00,0.657,0.657,0.644,0.646,108904.18
2025-12-18 02:00:00,0.646,0.65,0.642,0.645,151666.19
2025-12-18 03:00:00,0.645,0.646,0.627,0.63,244235.21
2025-12-18 04:00:00,0.63,0.64,0.63,0.639,86988.51
2025-12-18 05:00:00,0.638,0.638,0.625,0.625,110426.9
2025-12-18 06:00:00,0.625,0.628,0.619,0.627,108103.4
2025-12-18 07:00:00,0.627,0.63,0.624,0.626,53643.78
2025-12-18 08:00:00,0.626,0.63,0.625,0.626,57116.29
2025-12-18 09:00:00,0.626,0.629,0.623,0.625,74649.92
2025-12-18 10:00:00,0.625,0.63,0.623,0.625,112605.17
2025-12-18 11:00:00,0.625,0.627,0.619,0.624,80198.93
2025-12-18 12:00:00,0.624,0.625,0.619,0.621,41157.22
2025-12-18 13:00:00,0.622,0.634,0.622,0.633,131330.44
2025-12-18 14:00:00,0.633,0.638,0.626,0.629,89329.66
2025-12-18 15:00:00,0.63,0.639,0.627,0.636,52568.81
2025-12-18 16:00:00,0.636,0.636,0.631,0.634,84109.3
2025-12-18 17:00:00,0.634,0.635,0.603,0.618,236671.67
2025-12-18 18:00:00,0.618,0.624,0.613,0.614,72200.2
2025-12-18 19:00:00,0.614,0.614,0.597,0.599,181394.0
2025-12-18 20:00:00,0.598,0.61,0.598,0.604,71941.35
2025-12-18 21:00:00,0.604,0.615,0.604,0.615,52312.43
2025-12-18 22:00:00,0.615,0.62,0.615,0.618,22355.53
2025-12-18 23:00:00,0.618,0.621,0.614,0.616,30949.17
2025-12-19 00:00:00,0.615,0.616,0.609,0.611,69672.22
2025-12-19 01:00:00,0.611,0.621,0.61,0.621,67500.71
2025-12-19 02:00:00,0.62,0.634,0.62,0.629,132094.88
2025-12-19 03:00:00,0.628,0.643,0.627,0.631,119548.1
2025-12-19 04:00:00,0.631,0.633,0.629,0.632,44242.16
2025-12-19 05:00:00,0.632,0.633,0.627,0.631,49797.76
2025-12-19 06:00:00,0.631,0.636,0.63,0.636,47169.14
2025-12-19 07:00:00,0.636,0.641,0.633,0.635,33319.43
2025-12-19 08:00:00,0.635,0.643,0.634,0.641,57780.13
2025-12-19 09:00:00,0.64,0.641,0.624,0.627,119563.04
2025-12-19 10:00:00,0.627,0.628,0.624,0.626,31208.21
2025-12-19 11:00:00,0.627,0.636,0.626,0.634,52424.03
2025-12-19 12:00:00,0.633,0.633,0.628,0.63,74913.3
2025-12-19 13:00:00,0.63,0.634,0.629,0.634,40931.9
2025-12-19 14:00:00,0.633,0.639,0.631,0.635,51182.5
2025-12-19 15:00:00,0.635,0.643,0.632,0.633,72815.07
2025-12-19 16:00:00,0.634,0.641,0.634,0.636,53180.57
2025-12-19 17:00:00,0.636,0.638,0.627,0.627,85059.92
2025-12-19 18:00:00,0.628,0.631,0.627,0.63,41151.38
2025-12-19 19:00:00,0.63,0.654,0.63,0.653,72274.36
2025-12-19 20:00:00,0.653,0.656,0.647,0.651,116605.84
2025-12-19 21:00:00,0.652,0.652,0.643,0.645,45243.16
2025-12-19 22:00:00,0.646,0.649,0.645,0.649,19030.01
2025-12-19 23:00:00,0.649,0.657,0.648,0.654,187486.54
2025-12-20 00:00:00,0.654,0.654,0.647,0.652,95793.67
2025-12-20 01:00:00,0.651,0.673,0.651,0.663,125832.03
2025-12-20 02:00:00,0.663,0.702,0.658,0.666,556428.2
2025-12-20 03:00:00,0.665,0.665,0.657,0.661,45133.74
2025-12-20 04:00:00,0.661,0.672,0.659,0.664,53280.25
2025-12-20 05:00:00,0.665,0.669,0.66,0.663,59221.6
2025-12-20 06:00:00,0.663,0.672,0.66,0.669,68948.58
2025-12-20 07:00:00,0.668,0.677,0.667,0.672,60537.09
2025-12-20 08:00:00,0.672,0.675,0.668,0.671,38058.54
2025-12-20 09:00:00,0.67,0.682,0.67,0.682,46303.7
2025-12-20 10:00:00,0.682,0.683,0.667,0.671,124810.28
2025-12-20 11:00:00,0.67,0.684,0.668,0.68,67307.22
2025-12-20 12:00:00,0.681,0.695,0.676,0.69,117632.81
2025-12-20 13:00:00,0.691,0.721,0.675,0.702,615067.18
2025-12-20 14:00:00,0.703,0.712,0.685,0.712,453986.76
2025-12-20 15:00:00,0.71,0.711,0.679,0.683,194054.54
2025-12-20 16:00:00,0.683,0.692,0.681,0.692,77560.98
2025-12-20 17:00:00,0.692,0.695,0.682,0.683,110501.48
2025-12-20 18:00:00,0.683,0.69,0.683,0.689,50685.35
2025-12-20 19:00:00,0.688,0.691,0.686,0.687,25602.56
2025-12-20 20:00:00,0.688,0.693,0.685,0.686,46560.58
2025-12-20 21:00:00,0.686,0.687,0.683,0.683,28017.16
2025-12-20 22:00:00,0.683,0.686,0.681,0.686,36752.25
2025-12-20 23:00:00,0.686,0.691,0.685,0.689,38906.52
2025-12-21 00:00:00,0.688,0.69,0.672,0.673,102353.83
2025-12-21 01:00:00,0.673,0.676,0.669,0.67,34018.68
2025-12-21 02:00:00,0.669,0.671,0.663,0.664,45316.59
2025-12-21 03:00:00,0.664,0.667,0.661,0.665,35431.32
2025-12-21 04:00:00,0.665,0.667,0.663,0.664,19226.49
2025-12-21 05:00:00,0.665,0.67,0.664,0.668,22684.09
2025-12-21 06:00:00,0.668,0.669,0.665,0.667,24497.83
2025-12-21 07:00:00,0.666,0.668,0.664,0.665,26034.64
2025-12-21 08:00:00,0.665,0.676,0.664,0.674,36313.07
2025-12-21 09:00:00,0.674,0.674,0.666,0.669,24808.27
2025-12-21 10:00:00,0.668,0.67,0.662,0.663,28013.98
2025-12-21 11:00:00,0.663,0.663,0.658,0.659,25921.41
2025-12-21 12:00:00,0.659,0.667,0.658,0.66,118602.55
2025-12-21 13:00:00,0.659,0.659,0.645,0.645,77379.63
2025-12-21 14:00:00,0.645,0.651,0.645,0.648,39509.64
2025-12-21 15:00:00,0.647,0.65,0.645,0.649,35434.08
2025-12-21 16:00:00,0.648,0.651,0.648,0.651,15259.13
2025-12-21 17:00:00,0.651,0.656,0.649,0.65,30182.41
2025-12-21 18:00:00,0.65,0.652,0.647,0.651,15681.06
2025-12-21 19:00:00,0.652,0.657,0.652,0.657,35820.43
2025-12-21 20:00:00,0.657,0.657,0.652,0.652,13397.41
2025-12-21 21:00:00,0.652,0.654,0.647,0.648,30068.24
2025-12-21 22:00:00,0.647,0.657,0.647,0.657,28166.03
2025-12-21 23:00:00,0.658,0.66,0.656,0.658,37168.03
2025-12-22 00:00:00,0.659,0.667,0.655,0.656,47689.86
2025-12-22 01:00:00,0.655,0.662,0.655,0.658,33477.42
2025-12-22 02:00:00,0.658,0.658,0.65,0.654,77945.55
2025-12-22 03:00:00,0.654,0.659,0.652,0.655,21816.47
2025-12-22 04:00:00,0.656,0.657,0.653,0.653,46718.46
2025-12-22 05:00:00,0.653,0.656,0.652,0.652,22946.67
2025-12-22 06:00:00,0.652,0.653,0.647,0.652,43188.04
2025-12-22 07:00:00,0.652,0.659,0.652,0.658,33413.97
2025-12-22 08:00:00,0.657,0.667,0.656,0.658,158210.28
2025-12-22 09:00:00,0.658,0.666,0.655,0.659,121598.65
2025-12-22 10:00:00,0.66,0.661,0.653,0.66,77997.73
2025-12-22 11:00:00,0.659,0.662,0.656,0.66,48248.66
2025-12-22 12:00:00,0.661,0.666,0.661,0.662,45806.66
2025-12-22 13:00:00,0.661,0.666,0.659,0.666,67584.46
2025-12-22 14:00:00,0.667,0.67,0.661,0.665,109281.23
2025-12-22 15:00:00,0.665,0.67,0.661,0.67,73205.95
2025-12-22 16:00:00,0.67,0.673,0.67,0.671,31696.72
2025-12-22 17:00:00,0.671,0.671,0.667,0.668,32601.43
2025-12-22 18:00:00,0.669,0.673,0.666,0.667,82215.9
2025-12-22 19:00:00,0.666,0.666,0.654,0.655,43825.92
2025-12-22 20:00:00,0.655,0.657,0.651,0.654,73085.87
2025-12-22 21:00:00,0.653,0.662,0.653,0.659,41638.83
2025-12-22 22:00:00,0.658,0.662,0.657,0.66,38332.94
2025-12-22 23:00:00,0.659,0.66,0.657,0.66,29520.12
2025-12-23 00:00:00,0.661,0.668,0.658,0.666,95338.09
2025-12-23 01:00:00,0.666,0.667,0.656,0.656,92410.62
2025-12-23 02:00:00,0.656,0.661,0.652,0.653,56661.1
2025-12-23 03:00:00,0.652,0.654,0.646,0.651,47390.08
2025-12-23 04:00:00,0.651,0.652,0.644,0.645,66867.48
2025-12-23 05:00:00,0.644,0.644,0.64,0.644,38293.87
2025-12-23 06:00:00,0.643,0.646,0.642,0.645,42667.91
2025-12-23 07:00:00,0.645,0.648,0.645,0.646,87013.41
2025-12-23 08:00:00,0.646,0.666,0.644,0.66,205061.55
2025-12-23 09:00:00,0.66,0.662,0.65,0.659,116197.47
2025-12-23 10:00:00,0.659,0.664,0.658,0.659,30924.05
2025-12-23 11:00:00,0.659,0.68,0.659,0.67,271950.92
2025-12-23 12:00:00,0.671,0.686,0.667,0.68,183895.98
2025-12-23 13:00:00,0.68,0.683,0.671,0.673,219612.52
2025-12-23 14:00:00,0.672,0.683,0.668,0.673,250298.41
2025-12-23 15:00:00,0.674,0.699,0.662,0.668,733663.41
2025-12-23 16:00:00,0.668,0.674,0.66,0.663,144469.5
2025-12-23 17:00:00,0.663,0.665,0.65,0.651,151000.29
2025-12-23 18:00:00,0.652,0.658,0.652,0.653,97733.01
2025-12-23 19:00:00,0.654,0.655,0.652,0.654,78031.59
2025-12-23 20:00:00,0.654,0.663,0.651,0.656,74538.24
2025-12-23 21:00:00,0.656,0.659,0.654,0.658,49774.0
2025-12-23 22:00:00,0.658,0.66,0.655,0.658,91809.65
2025-12-23 23:00:00,0.657,0.664,0.656,0.662,48957.71
2025-12-24 00:00:00,0.663,0.664,0.653,0.657,145694.36
2025-12-24 01:00:00,0.657,0.661,0.655,0.656,23323.91
2025-12-24 02:00:00,0.655,0.655,0.643,0.645,93989.39
2025-12-24 03:00:00,0.645,0.655,0.642,0.655,47223.04
2025-12-24 04:00:00,0.655,0.677,0.655,0.662,317992.47
2025-12-24 05:00:00,0.662,0.663,0.656,0.657,50005.78
2025-12-24 06:00:00,0.657,0.688,0.656,0.679,353924.64
2025-12-24 07:00:00,0.679,0.686,0.675,0.675,236623.59
2025-12-24 08:00:00,0.675,0.712,0.673,0.707,542024.77
2025-12-24 09:00:00,0.706,0.708,0.679,0.682,745973.22
2025-12-24 10:00:00,0.681,0.692,0.675,0.69,220985.97
2025-12-24 11:00:00,0.69,0.705,0.69,0.701,242965.51
2025-12-24 12:00:00,0.701,0.706,0.691,0.693,333641.38
2025-12-24 13:00:00,0.692,0.706,0.688,0.702,217312.54
2025-12-24 14:00:00,0.702,0.713,0.697,0.698,261633.74
2025-12-24 15:00:00,0.698,0.699,0.69,0.693,115270.34
2025-12-24 16:00:00,0.692,0.702,0.689,0.691,97135.0
2025-12-24 17:00:00,0.692,0.694,0.69,0.692,46629.74
2025-12-24 18:00:00,0.693,0.699,0.687,0.695,70868.31
2025-12-24 19:00:00,0.695,0.697,0.69,0.693,49092.07
2025-12-24 20:00:00,0.694,0.695,0.687,0.689,135700.56
2025-12-24 21:00:00,0.689,0.69,0.685,0.687,58577.27
2025-12-24 22:00:00,0.687,0.696,0.687,0.694,77152.65
2025-12-24 23:00:00,0.693,0.699,0.691,0.697,59081.6
2025-12-25 00:00:00,0.697,0.737,0.692,0.736,1197134.06
2025-12-25 01:00:00,0.736,0.776,0.722,0.752,1947762.72
2025-12-25 02:00:00,0.753,0.753,0.726,0.736,639258.3
2025-12-25 03:00:00,0.736,0.74,0.732,0.738,206290.52
2025-12-25 04:00:00,0.739,0.754,0.717,0.722,482746.17
2025-12-25 05:00:00,0.722,0.734,0.72,0.734,147492.39
2025-12-25 06:00:00,0.735,0.746,0.729,0.739,267929.37
2025-12-25 07:00:00,0.739,0.758,0.738,0.743,363082.2
2025-12-25 08:00:00,0.742,0.757,0.739,0.752,439388.06
2025-12-25 09:00:00,0.752,0.759,0.742,0.748,230998.27
2025-12-25 10:00:00,0.748,0.754,0.733,0.754,268840.01
2025-12-25 11:00:00,0.754,0.797,0.751,0.772,1612993.56
2025-12-25 12:00:00,0.771,0.844,0.77,0.811,4654919.69
2025-12-25 13:00:00,0.811,0.83,0.746,0.756,1572073.44
2025-12-25 14:00:00,0.756,0.763,0.738,0.744,483627.59
2025-12-25 15:00:00,0.745,0.753,0.745,0.75,226770.4
2025-12-25 16:00:00,0.751,0.761,0.75,0.754,220733.42
2025-12-25 17:00:00,0.755,0.776,0.755,0.772,220544.82
2025-12-25 18:00:00,0.772,0.786,0.77,0.783,184522.83
2025-12-25 19:00:00,0.784,0.787,0.778,0.778,149356.42
2025-12-25 20:00:00,0.779,0.787,0.77,0.783,277819.5
2025-12-25 21:00:00,0.783,0.806,0.783,0.796,520599.62
2025-12-25 22:00:00,0.796,0.797,0.769,0.773,320491.26
2025-12-25 23:00:00,0.773,0.787,0.766,0.772,383098.83
2025-12-26 00:00:00,0.772,0.779,0.729,0.732,1594465.23
2025-12-26 01:00:00,0.731,0.749,0.728,0.738,351323.6
2025-12-26 02:00:00,0.739,0.757,0.738,0.744,305087.81
2025-12-26 03:00:00,0.744,0.751,0.735,0.746,364995.5
2025-12-26 04:00:00,0.746,0.761,0.733,0.738,297435.54
2025-12-26 05:00:00,0.737,0.742,0.726,0.727,187808.76
2025-12-26 06:00:00,0.728,0.731,0.713,0.716,207644.02
2025-12-26 07:00:00,0.717,0.724,0.715,0.717,157505.34
2025-12-26 08:00:00,0.717,0.724,0.708,0.708,239781.09
2025-12-26 09:00:00,0.709,0.714,0.708,0.712,86845.34
2025-12-26 10:00:00,0.713,0.721,0.712,0.721,118829.4
2025-12-26 11:00:00,0.721,0.723,0.717,0.718,125516.08
2025-12-26 12:00:00,0.717,0.717,0.712,0.715,82356.61
2025-12-26 13:00:00,0.715,0.719,0.712,0.715,74926.14
2025-12-26 14:00:00,0.714,0.72,0.714,0.714,149792.56
2025-12-26 15:00:00,0.714,0.715,0.705,0.708,205323.7
2025-12-26 16:00:00,0.708,0.721,0.707,0.716,168061.36
2025-12-26 17:00:00,0.716,0.723,0.714,0.719,62566.02
2025-12-26 18:00:00,0.719,0.725,0.718,0.721,61859.4
2025-12-26 19:00:00,0.721,0.729,0.721,0.723,48342.55
2025-12-26 20:00:00,0.723,0.731,0.721,0.724,53133.32
2025-12-26 21:00:00,0.724,0.725,0.716,0.718,73609.5
2025-12-26 22:00:00,0.718,0.719,0.714,0.719,39981.4
2025-12-26 23:00:00,0.719,0.726,0.717,0.723,123076.81
2025-12-27 00:00:00,0.723,0.723,0.703,0.708,293096.31
2025-12-27 01:00:00,0.709,0.711,0.697,0.698,122374.28
2025-12-27 02:00:00,0.698,0.698,0.691,0.697,144764.97
2025-12-27 03:00:00,0.696,0.699,0.695,0.696,51646.01
2025-12-27 04:00:00,0.695,0.709,0.687,0.704,296715.08
2025-12-27 05:00:00,0.704,0.704,0.694,0.697,106351.58
2025-12-27 06:00:00,0.697,0.703,0.697,0.702,41414.57
2025-12-27 07:00:00,0.702,0.705,0.699,0.702,112047.81
2025-12-27 08:00:00,0.702,0.705,0.701,0.703,49520.89
2025-12-27 09:00:00,0.703,0.708,0.699,0.707,75740.22
2025-12-27 10:00:00,0.707,0.707,0.691,0.694,128865.46
2025-12-27 11:00:00,0.694,0.696,0.685,0.686,153185.2
2025-12-27 12:00:00,0.687,0.691,0.686,0.689,32018.39
2025-12-27 13:00:00,0.689,0.691,0.686,0.688,25617.44
2025-12-27 14:00:00,0.688,0.693,0.687,0.689,46332.46
2025-12-27 15:00:00,0.689,0.692,0.688,0.691,27349.03
2025-12-27 16:00:00,0.692,0.694,0.689,0.691,28546.48
2025-12-27 17:00:00,0.692,0.702,0.692,0.697,93884.01
2025-12-27 18:00:00,0.697,0.698,0.692,0.694,55010.36
2025-12-27 19:00:00,0.693,0.695,0.692,0.695,13767.81
2025-12-27 20:00:00,0.695,0.697,0.694,0.695,14352.26
2025-12-27 21:00:00,0.695,0.698,0.694,0.696,40129.52
2025-12-27 22:00:00,0.696,0.697,0.689,0.692,45206.41
2025-12-27 23:00:00,0.692,0.697,0.691,0.696,40395.64
2025-12-28 00:00:00,0.695,0.697,0.693,0.695,49214.12
2025-12-28 01:00:00,0.695,0.696,0.692,0.692,30867.8
2025-12-28 02:00:00,0.692,0.695,0.69,0.691,36851.58
2025-12-28 03:00:00,0.691,0.691,0.686,0.689,52472.79
2025-12-28 04:00:00,0.689,0.69,0.686,0.686,33849.16
2025-12-28 05:00:00,0.686,0.687,0.679,0.686,55729.07
2025-12-28 06:00:00,0.685,0.686,0.682,0.685,32781.41
2025-12-28 07:00:00,0.685,0.69,0.685,0.688,51523.45
2025-12-28 08:00:00,0.687,0.694,0.685,0.692,40764.88
2025-12-28 09:00:00,0.693,0.712,0.693,0.698,153534.18
2025-12-28 10:00:00,0.699,0.703,0.698,0.701,30948.39
2025-12-28 11:00:00,0.701,0.701,0.698,0.699,10057.92
2025-12-28 12:00:00,0.7,0.726,0.699,0.718,265807.13
2025-12-28 13:00:00,0.717,0.732,0.715,0.716,246761.58
2025-12-28 14:00:00,0.716,0.719,0.708,0.717,82882.05
2025-12-28 15:00:00,0.717,0.731,0.717,0.722,98305.19
2025-12-28 16:00:00,0.722,0.748,0.719,0.744,184919.46
2025-12-28 17:00:00,0.744,0.75,0.735,0.746,260490.11
2025-12-28 18:00:00,0.745,0.745,0.727,0.729,135720.84
2025-12-28 19:00:00,0.728,0.739,0.727,0.728,145876.92
2025-12-28 20:00:00,0.728,0.744,0.724,0.728,188230.9
2025-12-28 21:00:00,0.728,0.728,0.71,0.716,157945.79
2025-12-28 22:00:00,0.716,0.719,0.712,0.715,60028.29
2025-12-28 23:00:00,0.716,0.727,0.714,0.72,139070.65
2025-12-29 00:00:00,0.72,0.741,0.713,0.722,206584.25
2025-12-29 01:00:00,0.723,0.743,0.715,0.741,182737.73
2025-12-29 02:00:00,0.741,0.75,0.738,0.749,214970.78
2025-12-29 03:00:00,0.75,0.777,0.749,0.774,356806.05
2025-12-29 04:00:00,0.774,0.782,0.762,0.774,377669.61
2025-12-29 05:00:00,0.773,0.788,0.767,0.787,256990.18
2025-12-29 06:00:00,0.786,0.837,0.776,0.787,1502889.06
2025-12-29 07:00:00,0.787,0.788,0.744,0.76,718291.74
2025-12-29 08:00:00,0.76,0.771,0.756,0.759,244826.45
2025-12-29 09:00:00,0.759,0.769,0.749,0.753,231781.01
2025-12-29 10:00:00,0.754,0.76,0.745,0.75,165978.56
2025-12-29 11:00:00,0.751,0.753,0.742,0.75,126097.25
2025-12-29 12:00:00,0.749,0.762,0.743,0.757,296429.29
2025-12-29 13:00:00,0.757,0.792,0.754,0.779,502532.2
2025-12-29 14:00:00,0.78,0.783,0.746,0.761,480113.87
2025-12-29 15:00:00,0.762,0.776,0.761,0.764,288941.59
2025-12-29 16:00:00,0.763,0.775,0.757,0.762,226248.43
2025-12-29 17:00:00,0.762,0.765,0.747,0.751,134275.92
2025-12-29 18:00:00,0.752,0.757,0.751,0.753,68217.81
2025-12-29 19:00:00,0.752,0.764,0.749,0.755,71363.17
2025-12-29 20:00:00,0.754,0.757,0.752,0.754,60764.05
2025-12-29 21:00:00,0.754,0.762,0.754,0.755,69827.57
2025-12-29 22:00:00,0.755,0.765,0.752,0.764,70070.45
2025-12-29 23:00:00,0.764,0.769,0.759,0.761,117859.45
2025-12-30 00:00:00,0.76,0.761,0.734,0.736,276684.57
2025-12-30 01:00:00,0.735,0.753,0.735,0.737,174086.03
2025-12-30 02:00:00,0.737,0.739,0.731,0.737,100451.43
2025-12-30 03:00:00,0.736,0.746,0.733,0.744,152930.81
2025-12-30 04:00:00,0.744,0.77,0.744,0.77,177830.19
2025-12-30 05:00:00,0.769,0.793,0.761,0.769,499038.85
2025-12-30 06:00:00,0.768,0.771,0.752,0.755,129340.98
2025-12-30 07:00:00,0.754,0.79,0.754,0.77,308626.64
2025-12-30 08:00:00,0.77,0.773,0.748,0.752,226622.17
2025-12-30 09:00:00,0.752,0.752,0.741,0.742,133960.84
2025-12-30 10:00:00,0.741,0.741,0.726,0.726,130047.97
2025-12-30 11:00:00,0.727,0.735,0.723,0.728,160672.26
2025-12-30 12:00:00,0.727,0.731,0.713,0.72,244040.59
2025-12-30 13:00:00,0.72,0.723,0.715,0.718,84204.79
2025-12-30 14:00:00,0.718,0.725,0.713,0.722,172236.41
2025-12-30 15:00:00,0.723,0.728,0.718,0.719,149110.9
2025-12-30 16:00:00,0.719,0.726,0.716,0.718,127160.1
2025-12-30 17:00:00,0.719,0.721,0.71,0.714,111877.18
2025-12-30 18:00:00,0.713,0.721,0.711,0.712,126198.12
2025-12-30 19:00:00,0.712,0.713,0.706,0.707,88550.61
2025-12-30 20:00:00,0.706,0.707,0.7,0.701,190950.83
2025-12-30 21:00:00,0.701,0.71,0.701,0.705,184838.24
2025-12-30 22:00:00,0.705,0.708,0.702,0.703,157713.65
2025-12-30 23:00:00,0.703,0.706,0.694,0.696,368148.61
2025-12-31 00:00:00,0.696,0.699,0.681,0.683,291104.77
2025-12-31 01:00:00,0.683,0.687,0.672,0.674,248720.04
2025-12-31 02:00:00,0.675,0.68,0.673,0.676,85553.35
2025-12-31 03:00:00,0.675,0.678,0.664,0.671,429384.35
2025-12-31 04:00:00,0.671,0.677,0.663,0.666,264436.89
2025-12-31 05:00:00,0.665,0.672,0.665,0.67,276656.63
2025-12-31 06:00:00,0.67,0.68,0.663,0.67,363095.01
2025-12-31 07:00:00,0.669,0.678,0.663,0.676,282516.53
2025-12-31 08:00:00,0.675,0.675,0.664,0.667,226552.68
2025-12-31 09:00:00,0.668,0.668,0.66,0.667,120250.69
2025-12-31 10:00:00,0.667,0.671,0.665,0.669,71192.34
2025-12-31 11:00:00,0.669,0.674,0.669,0.672,101603.12
2025-12-31 12:00:00,0.671,0.672,0.657,0.659,310326.46
2025-12-31 13:00:00,0.66,0.663,0.656,0.657,151772.51
2025-12-31 14:00:00,0.657,0.663,0.655,0.657,77944.7
2025-12-31 15:00:00,0.656,0.658,0.65,0.655,98395.16
2025-12-31 16:00:00,0.654,0.655,0.647,0.651,71382.74
2025-12-31 17:00:00,0.65,0.65,0.641,0.642,69938.32
2025-12-31 18:00:00,0.642,0.652,0.642,0.647,124794.82
2025-12-31 19:00:00,0.648,0.656,0.647,0.654,39399.9
2025-12-31 20:00:00,0.653,0.658,0.649,0.654,158064.71
2025-12-31 21:00:00,0.653,0.653,0.65,0.651,36328.35
2025-12-31 22:00:00,0.651,0.655,0.65,0.653,25675.18
2025-12-31 23:00:00,0.653,0.66,0.653,0.657,103513.05
2026-01-01 00:00:00,0.656,0.658,0.651,0.652,88303.32
2026-01-01 01:00:00,0.651,0.656,0.65,0.652,85037.07
2026-01-01 02:00:00,0.652,0.675,0.65,0.665,207832.05
2026-01-01 03:00:00,0.664,0.668,0.658,0.665,86595.47
2026-01-01 04:00:00,0.665,0.665,0.65,0.65,68764.66
2026-01-01 05:00:00,0.65,0.656,0.649,0.651,42688.06
2026-01-01 06:00:00,0.651,0.653,0.65,0.65,31077.17
2026-01-01 07:00:00,0.65,0.655,0.65,0.652,63183.99
2026-01-01 08:00:00,0.652,0.655,0.65,0.653,24455.96
2026-01-01 09:00:00,0.654,0.656,0.648,0.65,88265.6
2026-01-01 10:00:00,0.65,0.654,0.649,0.654,51589.5
2026-01-01 11:00:00,0.654,0.655,0.652,0.654,35964.11
2026-01-01 12:00:00,0.654,0.656,0.651,0.655,77397.08
2026-01-01 13:00:00,0.656,0.664,0.654,0.658,72711.35
2026-01-01 14:00:00,0.657,0.659,0.656,0.657,27177.28
2026-01-01 15:00:00,0.658,0.666,0.658,0.665,104201.35
2026-01-01 16:00:00,0.664,0.665,0.661,0.662,48726.96
2026-01-01 17:00:00,0.663,0.665,0.662,0.664,25281.25
2026-01-01 18:00:00,0.663,0.664,0.661,0.662,14409.57
2026-01-01 19:00:00,0.663,0.668,0.663,0.668,36315.9
2026-01-01 20:00:00,0.667,0.667,0.663,0.664,30394.98
2026-01-01 21:00:00,0.664,0.668,0.663,0.665,46828.09
2026-01-01 22:00:00,0.665,0.665,0.659,0.663,45749.97
2026-01-01 23:00:00,0.664,0.665,0.662,0.664,64444.06
2026-01-02 00:00:00,0.665,0.672,0.663,0.666,90555.68
2026-01-02 01:00:00,0.667,0.668,0.662,0.663,28958.46
2026-01-02 02:00:00,0.664,0.665,0.659,0.659,26271.21
2026-01-02 03:00:00,0.659,0.665,0.658,0.664,35171.92
2026-01-02 04:00:00,0.665,0.665,0.66,0.663,15872.92
2026-01-02 05:00:00,0.663,0.669,0.662,0.668,66129.42
2026-01-02 06:00:00,0.668,0.674,0.665,0.668,87999.49
2026-01-02 07:00:00,0.668,0.671,0.665,0.669,71486.56
2026-01-02 08:00:00,0.669,0.672,0.668,0.669,55500.63
2026-01-02 09:00:00,0.669,0.678,0.666,0.678,117500.12
2026-01-02 10:00:00,0.677,0.68,0.675,0.676,44460.91
2026-01-02 11:00:00,0.676,0.677,0.668,0.672,109375.59
2026-01-02 12:00:00,0.672,0.679,0.67,0.677,103895.08
2026-01-02 13:00:00,0.677,0.68,0.672,0.674,87398.35
2026-01-02 14:00:00,0.675,0.681,0.671,0.678,75369.44
2026-01-02 15:00:00,0.678,0.679,0.672,0.675,77082.91
2026-01-02 16:00:00,0.676,0.684,0.673,0.681,74891.07
2026-01-02 17:00:00,0.682,0.689,0.682,0.688,70125.75
2026-01-02 18:00:00,0.688,0.696,0.683,0.687,198659.2
2026-01-02 19:00:00,0.688,0.692,0.686,0.691,75554.6
2026-01-02 20:00:00,0.691,0.693,0.686,0.687,109708.19
2026-01-02 21:00:00,0.687,0.688,0.685,0.687,62367.14
2026-01-02 22:00:00,0.688,0.691,0.686,0.689,51007.89
2026-01-02 23:00:00,0.688,0.698,0.688,0.693,125602.73
2026-01-03 00:00:00,0.694,0.707,0.692,0.695,185264.02
2026-01-03 01:00:00,0.695,0.695,0.688,0.693,64110.23
2026-01-03 02:00:00,0.692,0.694,0.69,0.69,29932.74
2026-01-03 03:00:00,0.69,0.7,0.689,0.699,88756.17
2026-01-03 04:00:00,0.698,0.699,0.694,0.695,30855.14
2026-01-03 05:00:00,0.694,0.694,0.687,0.688,58312.37
2026-01-03 06:00:00,0.689,0.692,0.68,0.682,84068.7
2026-01-03 07:00:00,0.682,0.685,0.668,0.68,318610.58
2026-01-03 08:00:00,0.679,0.691,0.676,0.686,162024.27
2026-01-03 09:00:00,0.685,0.703,0.683,0.695,462300.16
2026-01-03 10:00:00,0.696,0.706,0.693,0.697,218767.14
2026-01-03 11:00:00,0.696,0.699,0.689,0.696,202932.0
2026-01-03 12:00:00,0.696,0.702,0.695,0.701,56660.25
2026-01-03 13:00:00,0.701,0.704,0.696,0.696,87968.69
2026-01-03 14:00:00,0.696,0.697,0.691,0.692,43023.42
2026-01-03 15:00:00,0.691,0.694,0.689,0.691,135042.22
2026-01-03 16:00:00,0.691,0.698,0.691,0.695,50702.07
2026-01-03 17:00:00,0.695,0.697,0.693,0.694,51272.02
2026-01-03 18:00:00,0.693,0.697,0.693,0.697,37553.7
2026-01-03 19:00:00,0.697,0.697,0.693,0.695,17759.61
2026-01-03 20:00:00,0.696,0.701,0.695,0.7,35414.69
2026-01-03 21:00:00,0.7,0.7,0.695,0.696,35042.32
2026-01-03 22:00:00,0.696,0.698,0.694,0.697,36963.2
2026-01-03 23:00:00,0.697,0.703,0.694,0.703,52368.54
2026-01-04 00:00:00,0.702,0.705,0.696,0.699,54694.18
2026-01-04 01:00:00,0.698,0.701,0.698,0.699,33735.82
2026-01-04 02:00:00,0.699,0.7,0.696,0.699,19870.95
2026-01-04 03:00:00,0.699,0.705,0.698,0.702,99782.12
2026-01-04 04:00:00,0.702,0.706,0.701,0.704,31274.97
2026-01-04 05:00:00,0.704,0.705,0.703,0.704,18983.82
2026-01-04 06:00:00,0.704,0.711,0.7,0.7,129629.6
2026-01-04 07:00:00,0.7,0.704,0.698,0.704,62268.01
2026-01-04 08:00:00,0.704,0.704,0.699,0.701,30279.11
2026-01-04 09:00:00,0.701,0.703,0.698,0.702,36319.64
2026-01-04 10:00:00,0.702,0.705,0.701,0.701,23573.63
2026-01-04 11:00:00,0.7,0.701,0.698,0.7,19549.02
2026-01-04 12:00:00,0.699,0.706,0.698,0.7,74891.56
2026-01-04 13:00:00,0.7,0.703,0.697,0.701,29794.49
2026-01-04 14:00:00,0.701,0.703,0.699,0.702,39558.41
2026-01-04 15:00:00,0.701,0.705,0.7,0.704,83863.06
2026-01-04 16:00:00,0.705,0.708,0.704,0.706,53621.34
2026-01-04 17:00:00,0.706,0.711,0.704,0.706,64178.95
2026-01-04 18:00:00,0.705,0.706,0.7,0.703,49410.68
2026-01-04 19:00:00,0.702,0.712,0.698,0.71,113573.87
2026-01-04 20:00:00,0.709,0.712,0.706,0.708,52113.78
2026-01-04 21:00:00,0.708,0.709,0.705,0.706,18981.21
2026-01-04 22:00:00,0.706,0.709,0.704,0.708,23979.31
2026-01-04 23:00:00,0.708,0.71,0.704,0.707,62887.83
2026-01-05 00:00:00,0.707,0.711,0.702,0.705,114543.63
2026-01-05 01:00:00,0.706,0.715,0.704,0.714,57004.6
2026-01-05 02:00:00,0.714,0.714,0.706,0.708,73053.4
2026-01-05 03:00:00,0.708,0.708,0.701,0.704,62908.09
2026-01-05 04:00:00,0.704,0.704,0.696,0.699,90939.65
2026-01-05 05:00:00,0.698,0.704,0.694,0.701,89772.83
2026-01-05 06:00:00,0.7,0.702,0.687,0.694,107910.79
2026-01-05 07:00:00,0.694,0.698,0.692,0.697,37251.63
2026-01-05 08:00:00,0.696,0.698,0.691,0.694,42190.13
2026-01-05 09:00:00,0.693,0.694,0.685,0.69,98567.33
2026-01-05 10:00:00,0.69,0.695,0.688,0.692,29301.1
2026-01-05 11:00:00,0.691,0.695,0.689,0.695,50749.02
2026-01-05 12:00:00,0.695,0.698,0.692,0.698,36751.3
2026-01-05 13:00:00,0.698,0.699,0.695,0.695,40262.37
2026-01-05 14:00:00,0.695,0.702,0.693,0.699,87114.0
2026-01-05 15:00:00,0.7,0.703,0.695,0.701,76403.13
2026-01-05 16:00:00,0.702,0.703,0.695,0.697,53021.51
2026-01-05 17:00:00,0.697,0.702,0.692,0.7,41825.15
2026-01-05 18:00:00,0.7,0.705,0.697,0.705,74287.86
2026-01-05 19:00:00,0.704,0.708,0.703,0.706,45626.59
2026-01-05 20:00:00,0.706,0.71,0.703,0.704,62189.87
2026-01-05 21:00:00,0.705,0.707,0.703,0.704,15618.3
2026-01-05 22:00:00,0.705,0.713,0.705,0.709,38843.83
2026-01-05 23:00:00,0.71,0.71,0.707,0.707,52789.43
2026-01-06 00:00:00,0.707,0.709,0.696,0.699,132670.12
2026-01-06 01:00:00,0.7,0.718,0.7,0.706,185225.02
2026-01-06 02:00:00,0.707,0.707,0.7,0.701,98896.9
2026-01-06 03:00:00,0.701,0.705,0.701,0.703,48266.17
2026-01-06 04:00:00,0.702,0.71,0.702,0.706,45567.25
2026-01-06 05:00:00,0.706,0.713,0.704,0.705,70829.28
2026-01-06 06:00:00,0.705,0.713,0.703,0.711,42896.54
2026-01-06 07:00:00,0.71,0.711,0.702,0.703,66508.95
2026-01-06 08:00:00,0.704,0.706,0.7,0.703,67251.25
2026-01-06 09:00:00,0.704,0.709,0.704,0.707,40042.06
2026-01-06 10:00:00,0.706,0.708,0.704,0.706,37101.62
2026-01-06 11:00:00,0.706,0.711,0.706,0.709,34993.84
2026-01-06 12:00:00,0.71,0.714,0.709,0.714,45785.06
2026-01-06 13:00:00,0.714,0.725,0.712,0.721,127489.49
2026-01-06 14:00:00,0.721,0.723,0.708,0.71,152518.58
2026-01-06 15:00:00,0.711,0.713,0.704,0.707,67951.78
2026-01-06 16:00:00,0.708,0.708,0.689,0.695,269698.95
2026-01-06 17:00:00,0.694,0.701,0.686,0.688,133154.06
2026-01-06 18:00:00,0.686,0.702,0.686,0.702,60785.51
2026-01-06 19:00:00,0.701,0.704,0.701,0.703,10739.2
2026-01-06 20:00:00,0.704,0.709,0.703,0.707,68771.31
2026-01-06 21:00:00,0.707,0.714,0.706,0.713,61655.44
2026-01-06 22:00:00,0.714,0.714,0.705,0.709,50237.55
2026-01-06 23:00:00,0.71,0.712,0.709,0.712,21065.97
2026-01-07 00:00:00,0.712,0.712,0.7,0.7,41583.57
2026-01-07 01:00:00,0.7,0.702,0.696,0.699,36565.47
2026-01-07 02:00:00,0.699,0.702,0.698,0.702,29092.0
2026-01-07 03:00:00,0.702,0.704,0.7,0.701,23532.15
2026-01-07 04:00:00,0.7,0.726,0.7,0.721,307272.91
2026-01-07 05:00:00,0.721,0.725,0.717,0.717,71685.52
2026-01-07 06:00:00,0.718,0.733,0.715,0.731,168959.16
2026-01-07 07:00:00,0.731,0.741,0.729,0.737,215729.18
2026-01-07 08:00:00,0.737,0.737,0.723,0.727,104956.46
2026-01-07 09:00:00,0.726,0.728,0.713,0.721,97009.26
2026-01-07 10:00:00,0.72,0.748,0.718,0.744,405685.44
2026-01-07 11:00:00,0.744,0.76,0.726,0.737,826368.0
2026-01-07 12:00:00,0.737,0.738,0.725,0.726,152017.86
2026-01-07 13:00:00,0.726,0.736,0.725,0.731,141173.56
2026-01-07 14:00:00,0.731,0.748,0.71,0.719,773943.86
2026-01-07 15:00:00,0.719,0.72,0.706,0.712,262219.48
2026-01-07 16:00:00,0.713,0.722,0.713,0.716,121587.51
2026-01-07 17:00:00,0.716,0.724,0.714,0.72,69903.74
2026-01-07 18:00:00,0.719,0.727,0.719,0.727,120350.59
2026-01-07 19:00:00,0.726,0.729,0.718,0.725,49392.73
2026-01-07 20:00:00,0.725,0.727,0.719,0.723,115781.4
2026-01-07 21:00:00,0.723,0.733,0.722,0.728,46888.56
2026-01-07 22:00:00,0.727,0.732,0.725,0.728,54942.22
2026-01-07 23:00:00,0.727,0.747,0.724,0.739,188702.35
2026-01-08 00:00:00,0.737,0.83,0.714,0.726,1443154.46
2026-01-08 01:00:00,0.726,0.732,0.718,0.72,152806.49
2026-01-08 02:00:00,0.719,0.724,0.716,0.721,72708.94
2026-01-08 03:00:00,0.722,0.727,0.717,0.721,60074.24
2026-01-08 04:00:00,0.722,0.731,0.721,0.729,71406.11
2026-01-08 05:00:00,0.729,0.735,0.728,0.73,56080.45
2026-01-08 06:00:00,0.731,0.732,0.714,0.717,141541.61
2026-01-08 07:00:00,0.718,0.728,0.716,0.725,80327.2
2026-01-08 08:00:00,0.724,0.725,0.718,0.721,62938.23
2026-01-08 09:00:00,0.721,0.726,0.717,0.719,47968.99
2026-01-08 10:00:00,0.718,0.725,0.715,0.721,79159.66
2026-01-08 11:00:00,0.722,0.722,0.71,0.712,82018.29
2026-01-08 12:00:00,0.713,0.715,0.708,0.71,71128.46
2026-01-08 13:00:00,0.71,0.712,0.701,0.704,72208.56
2026-01-08 14:00:00,0.704,0.706,0.698,0.705,103219.36
2026-01-08 15:00:00,0.704,0.712,0.702,0.711,64038.82
2026-01-08 16:00:00,0.711,0.712,0.703,0.707,35227.71
2026-01-08 17:00:00,0.708,0.71,0.705,0.709,36666.06
2026-01-08 18:00:00,0.708,0.709,0.703,0.704,75961.91
2026-01-08 19:00:00,0.705,0.707,0.701,0.702,69074.65
2026-01-08 20:00:00,0.703,0.704,0.701,0.703,21879.57
2026-01-08 21:00:00,0.703,0.708,0.702,0.707,15355.87
2026-01-08 22:00:00,0.707,0.709,0.704,0.707,18751.45
2026-01-08 23:00:00,0.708,0.71,0.705,0.707,31709.06
2026-01-09 00:00:00,0.706,0.706,0.7,0.704,109444.87
2026-01-09 01:00:00,0.705,0.714,0.703,0.713,114750.68
2026-01-09 02:00:00,0.713,0.715,0.711,0.714,45574.38
2026-01-09 03:00:00,0.713,0.724,0.713,0.713,77162.93
2026-01-09 04:00:00,0.714,0.717,0.711,0.713,61486.98
2026-01-09 05:00:00,0.713,0.714,0.709,0.711,37075.77
2026-01-09 06:00:00,0.711,0.712,0.711,0.712,27592.62
2026-01-09 07:00:00,0.712,0.718,0.711,0.712,38852.12
2026-01-09 08:00:00,0.712,0.713,0.699,0.702,91151.43
2026-01-09 09:00:00,0.703,0.706,0.702,0.703,39199.91
2026-01-09 10:00:00,0.704,0.706,0.703,0.705,14426.42
2026-01-09 11:00:00,0.706,0.709,0.702,0.703,38467.41
2026-01-09 12:00:00,0.703,0.703,0.698,0.701,43501.27
2026-01-09 13:00:00,0.701,0.708,0.7,0.703,78893.5
2026-01-09 14:00:00,0.702,0.702,0.692,0.696,92864.76
2026-01-09 15:00:00,0.697,0.708,0.694,0.698,177700.12
2026-01-09 16:00:00,0.699,0.703,0.698,0.702,30140.63
2026-01-09 17:00:00,0.702,0.702,0.688,0.694,111254.44
2026-01-09 18:00:00,0.694,0.694,0.683,0.687,56359.9
2026-01-09 19:00:00,0.687,0.687,0.679,0.683,51362.91
2026-01-09 20:00:00,0.682,0.686,0.681,0.683,34334.42
2026-01-09 21:00:00,0.683,0.688,0.682,0.685,13098.48
2026-01-09 22:00:00,0.685,0.689,0.684,0.689,18492.05
2026-01-09 23:00:00,0.689,0.689,0.687,0.687,5676.18
2026-01-10 00:00:00,0.686,0.686,0.674,0.677,101526.45
2026-01-10 01:00:00,0.677,0.681,0.676,0.678,23310.5
2026-01-10 02:00:00,0.678,0.679,0.673,0.675,51426.5
2026-01-10 03:00:00,0.675,0.678,0.673,0.677,51098.18
2026-01-10 04:00:00,0.677,0.678,0.674,0.675,24743.22
2026-01-10 05:00:00,0.674,0.68,0.674,0.679,8252.43
2026-01-10 06:00:00,0.678,0.68,0.676,0.677,22641.61
2026-01-10 07:00:00,0.678,0.681,0.678,0.68,15562.14
2026-01-10 08:00:00,0.68,0.682,0.679,0.681,28704.73
2026-01-10 09:00:00,0.681,0.689,0.68,0.683,75120.94
2026-01-10 10:00:00,0.683,0.683,0.678,0.682,56184.9
2026-01-10 11:00:00,0.683,0.684,0.68,0.682,23764.91
2026-01-10 12:00:00,0.682,0.684,0.681,0.684,16565.28
2026-01-10 13:00:00,0.684,0.687,0.683,0.685,43225.29
2026-01-10 14:00:00,0.686,0.687,0.682,0.682,15377.09
2026-01-10 15:00:00,0.683,0.683,0.68,0.68,15357.61
2026-01-10 16:00:00,0.681,0.682,0.677,0.678,12410.69
2026-01-10 17:00:00,0.678,0.679,0.676,0.676,9851.41
2026-01-10 18:00:00,0.676,0.677,0.674,0.676,16392.95
2026-01-10 19:00:00,0.677,0.678,0.676,0.677,8578.78
2026-01-10 20:00:00,0.677,0.677,0.675,0.675,5842.15
2026-01-10 21:00:00,0.675,0.676,0.674,0.674,10728.81
2026-01-10 22:00:00,0.674,0.675,0.664,0.665,29759.08
2026-01-10 23:00:00,0.665,0.673,0.665,0.672,31540.35
2026-01-11 00:00:00,0.671,0.691,0.663,0.669,508455.56
2026-01-11 01:00:00,0.668,0.678,0.668,0.677,42411.57
2026-01-11 02:00:00,0.677,0.677,0.673,0.675,25603.99
2026-01-11 03:00:00,0.675,0.676,0.673,0.674,14127.49
2026-01-11 04:00:00,0.674,0.676,0.672,0.675,12686.07
2026-01-11 05:00:00,0.675,0.676,0.674,0.676,14323.05
2026-01-11 06:00:00,0.676,0.676,0.67,0.672,36014.69
2026-01-11 07:00:00,0.672,0.673,0.671,0.672,6057.71
2026-01-11 08:00:00,0.673,0.676,0.671,0.675,22715.1
2026-01-11 09:00:00,0.676,0.685,0.675,0.682,119701.81
2026-01-11 10:00:00,0.681,0.682,0.678,0.679,25327.73
2026-01-11 11:00:00,0.679,0.681,0.678,0.68,22051.7
2026-01-11 12:00:00,0.68,0.684,0.679,0.683,26311.23
2026-01-11 13:00:00,0.683,0.683,0.68,0.681,40104.56
2026-01-11 14:00:00,0.681,0.684,0.681,0.684,8297.25
2026-01-11 15:00:00,0.684,0.684,0.679,0.68,24671.03
2026-01-11 16:00:00,0.68,0.683,0.677,0.679,31670.03
2026-01-11 17:00:00,0.68,0.68,0.676,0.679,18384.61
2026-01-11 18:00:00,0.679,0.68,0.677,0.68,27698.05
2026-01-11 19:00:00,0.679,0.68,0.678,0.679,9053.28
2026-01-11 20:00:00,0.678,0.678,0.673,0.675,29711.59
2026-01-11 21:00:00,0.675,0.675,0.67,0.674,28080.6
2026-01-11 22:00:00,0.674,0.675,0.667,0.669,40392.38
2026-01-11 23:00:00,0.668,0.673,0.663,0.671,58475.55
2026-01-12 00:00:00,0.671,0.673,0.658,0.666,108254.23
2026-01-12 01:00:00,0.667,0.67,0.661,0.662,58942.24
2026-01-12 02:00:00,0.662,0.668,0.662,0.668,21272.77
2026-01-12 03:00:00,0.668,0.671,0.665,0.665,36088.52
2026-01-12 04:00:00,0.665,0.67,0.664,0.669,20287.96
2026-01-12 05:00:00,0.668,0.671,0.666,0.669,39437.65
2026-01-12 06:00:00,0.67,0.671,0.661,0.662,113406.08
2026-01-12 07:00:00,0.663,0.665,0.658,0.659,45932.21
2026-01-12 08:00:00,0.658,0.659,0.645,0.65,152467.95
2026-01-12 09:00:00,0.65,0.652,0.648,0.649,88239.18
2026-01-12 10:00:00,0.649,0.654,0.648,0.651,37175.87
2026-01-12 11:00:00,0.651,0.659,0.651,0.656,60712.4
2026-01-12 12:00:00,0.656,0.658,0.651,0.651,46453.32
2026-01-12 13:00:00,0.652,0.652,0.647,0.65,46568.34
2026-01-12 14:00:00,0.649,0.659,0.649,0.657,54300.27
2026-01-12 15:00:00,0.657,0.661,0.656,0.66,50648.83
2026-01-12 16:00:00,0.661,0.663,0.657,0.661,40719.14
2026-01-12 17:00:00,0.662,0.664,0.654,0.661,34990.1
2026-01-12 18:00:00,0.661,0.662,0.658,0.659,31579.75
2026-01-12 19:00:00,0.658,0.66,0.657,0.658,14746.43
2026-01-12 20:00:00,0.658,0.659,0.655,0.657,19761.85
2026-01-12 21:00:00,0.657,0.657,0.652,0.653,14880.61
2026-01-12 22:00:00,0.653,0.657,0.653,0.655,13902.36
2026-01-12 23:00:00,0.655,0.656,0.652,0.655,20302.5
2026-01-13 00:00:00,0.655,0.658,0.654,0.658,30802.53
2026-01-13 01:00:00,0.658,0.659,0.653,0.655,33656.0
2026-01-13 02:00:00,0.655,0.672,0.655,0.663,100915.27
2026-01-13 03:00:00,0.663,0.67,0.663,0.668,56999.1
2026-01-13 04:00:00,0.668,0.669,0.664,0.667,66047.73
2026-01-13 05:00:00,0.667,0.671,0.667,0.669,36359.9
2026-01-13 06:00:00,0.669,0.673,0.668,0.672,29823.39
2026-01-13 07:00:00,0.671,0.676,0.669,0.675,72462.93
2026-01-13 08:00:00,0.675,0.678,0.67,0.676,99299.6
2026-01-13 09:00:00,0.677,0.679,0.67,0.673,63286.01
2026-01-13 10:00:00,0.673,0.676,0.672,0.674,22869.12
2026-01-13 11:00:00,0.674,0.676,0.672,0.674,28260.95
2026-01-13 12:00:00,0.673,0.673,0.666,0.668,69316.92
2026-01-13 13:00:00,0.668,0.673,0.666,0.671,131146.66
2026-01-13 14:00:00,0.67,0.673,0.669,0.67,45686.25
2026-01-13 15:00:00,0.67,0.677,0.669,0.676,52030.18
2026-01-13 16:00:00,0.676,0.68,0.675,0.678,42298.54
2026-01-13 17:00:00,0.678,0.679,0.675,0.676,21485.94
2026-01-13 18:00:00,0.676,0.681,0.676,0.678,35033.63
2026-01-13 19:00:00,0.678,0.68,0.677,0.68,23398.27
2026-01-13 20:00:00,0.68,0.68,0.674,0.675,7545.35
2026-01-13 21:00:00,0.675,0.68,0.675,0.68,11674.52
2026-01-13 22:00:00,0.68,0.693,0.68,0.69,95212.73
2026-01-13 23:00:00,0.691,0.692,0.686,0.687,43187.43
2026-01-14 00:00:00,0.687,0.692,0.684,0.691,51884.6
2026-01-14 01:00:00,0.692,0.698,0.691,0.691,49928.57
2026-01-14 02:00:00,0.691,0.695,0.689,0.693,28535.66
2026-01-14 03:00:00,0.694,0.697,0.692,0.697,12026.44
2026-01-14 04:00:00,0.696,0.696,0.691,0.691,21867.36
2026-01-14 05:00:00,0.691,0.692,0.686,0.69,74411.56
2026-01-14 06:00:00,0.69,0.692,0.687,0.69,24232.19
2026-01-14 07:00:00,0.69,0.69,0.685,0.686,30300.59
2026-01-14 08:00:00,0.687,0.691,0.686,0.689,23777.61
2026-01-14 09:00:00,0.689,0.694,0.688,0.693,27482.71
2026-01-14 10:00:00,0.693,0.694,0.687,0.688,88734.2
2026-01-14 11:00:00,0.687,0.689,0.68,0.689,62938.39
2026-01-14 12:00:00,0.689,0.695,0.688,0.689,61630.48
2026-01-14 13:00:00,0.688,0.69,0.685,0.685,42953.73
2026-01-14 14:00:00,0.686,0.695,0.686,0.693,62498.39
2026-01-14 15:00:00,0.693,0.696,0.691,0.694,49233.51
2026-01-14 16:00:00,0.694,0.714,0.694,0.707,124203.89
2026-01-14 17:00:00,0.708,0.714,0.701,0.703,91544.08
2026-01-14 18:00:00,0.702,0.702,0.687,0.691,141188.46
2026-01-14 19:00:00,0.69,0.699,0.69,0.694,51634.15
2026-01-14 20:00:00,0.695,0.699,0.694,0.696,34453.11
2026-01-14 21:00:00,0.696,0.698,0.691,0.693,87913.53
2026-01-14 22:00:00,0.694,0.694,0.684,0.685,74542.27
2026-01-14 23:00:00,0.686,0.694,0.686,0.692,73171.85
2026-01-15 00:00:00,0.692,0.692,0.689,0.69,24153.71
2026-01-15 01:00:00,0.691,0.693,0.683,0.684,77490.87
2026-01-15 02:00:00,0.683,0.687,0.679,0.685,40761.95
2026-01-15 03:00:00,0.685,0.685,0.673,0.674,64406.8
2026-01-15 04:00:00,0.673,0.677,0.672,0.676,107417.7
2026-01-15 05:00:00,0.677,0.679,0.676,0.679,39407.03
2026-01-15 06:00:00,0.678,0.679,0.676,0.677,9635.74
2026-01-15 07:00:00,0.677,0.686,0.677,0.682,40483.39
2026-01-15 08:00:00,0.682,0.683,0.678,0.68,21263.59
2026-01-15 09:00:00,0.679,0.684,0.679,0.683,33584.51
2026-01-15 10:00:00,0.683,0.687,0.681,0.684,52645.18
2026-01-15 11:00:00,0.684,0.685,0.68,0.681,40622.88
2026-01-15 12:00:00,0.681,0.684,0.68,0.681,32151.95
2026-01-15 13:00:00,0.681,0.681,0.679,0.679,15558.88
2026-01-15 14:00:00,0.68,0.68,0.673,0.677,39078.44
2026-01-15 15:00:00,0.677,0.678,0.662,0.67,92391.56
2026-01-15 16:00:00,0.67,0.671,0.665,0.669,35839.92
2026-01-15 17:00:00,0.669,0.672,0.664,0.665,69250.57
2026-01-15 18:00:00,0.665,0.665,0.653,0.654,103825.3
2026-01-15 19:00:00,0.653,0.656,0.65,0.655,55215.02
2026-01-15 20:00:00,0.655,0.656,0.649,0.65,21802.72
2026-01-15 21:00:00,0.651,0.655,0.65,0.654,34131.0
2026-01-15 22:00:00,0.655,0.669,0.654,0.665,82624.45
2026-01-15 23:00:00,0.665,0.667,0.664,0.667,16518.85
2026-01-16 00:00:00,0.667,0.668,0.662,0.665,32229.35
2026-01-16 01:00:00,0.664,0.667,0.663,0.665,30069.12
2026-01-16 02:00:00,0.664,0.664,0.66,0.663,37243.49
2026-01-16 03:00:00,0.663,0.665,0.662,0.662,7738.09
2026-01-16 04:00:00,0.662,0.663,0.656,0.656,55135.24
2026-01-16 05:00:00,0.657,0.664,0.657,0.664,13700.87
2026-01-16 06:00:00,0.664,0.666,0.663,0.666,22108.92
2026-01-16 07:00:00,0.665,0.666,0.662,0.665,19142.27
2026-01-16 08:00:00,0.665,0.674,0.665,0.668,93664.31
2026-01-16 09:00:00,0.668,0.67,0.666,0.669,26989.82
2026-01-16 10:00:00,0.668,0.669,0.662,0.663,27945.44
2026-01-16 11:00:00,0.664,0.67,0.662,0.669,36396.61
2026-01-16 12:00:00,0.67,0.674,0.666,0.668,87923.95
2026-01-16 13:00:00,0.668,0.668,0.663,0.664,34509.94
2026-01-16 14:00:00,0.665,0.671,0.664,0.667,51734.6
2026-01-16 15:00:00,0.667,0.669,0.652,0.655,68733.67
2026-01-16 16:00:00,0.655,0.663,0.655,0.661,43359.26
2026-01-16 17:00:00,0.661,0.664,0.658,0.663,22283.66
2026-01-16 18:00:00,0.663,0.664,0.659,0.662,25245.63
2026-01-16 19:00:00,0.661,0.662,0.657,0.661,18663.46
2026-01-16 20:00:00,0.661,0.674,0.66,0.673,29108.77
2026-01-16 21:00:00,0.673,0.677,0.673,0.675,22432.01
2026-01-16 22:00:00,0.675,0.677,0.674,0.676,15557.76
2026-01-16 23:00:00,0.676,0.678,0.674,0.675,21398.0
2026-01-17 00:00:00,0.675,0.675,0.669,0.67,18600.89
2026-01-17 01:00:00,0.67,0.672,0.67,0.67,29115.48
2026-01-17 02:00:00,0.67,0.67,0.667,0.669,20649.12
2026-01-17 03:00:00,0.669,0.669,0.667,0.668,5611.28
2026-01-17 04:00:00,0.668,0.669,0.665,0.667,21498.76
2026-01-17 05:00:00,0.668,0.67,0.666,0.668,10190.51
2026-01-17 06:00:00,0.668,0.669,0.667,0.668,12249.23
2026-01-17 07:00:00,0.667,0.671,0.665,0.67,40626.25
2026-01-17 08:00:00,0.67,0.671,0.67,0.67,10433.83
2026-01-17 09:00:00,0.671,0.671,0.668,0.67,19604.72
2026-01-17 10:00:00,0.67,0.671,0.667,0.668,14595.09
2026-01-17 11:00:00,0.668,0.669,0.662,0.664,45331.36
2026-01-17 12:00:00,0.664,0.668,0.663,0.667,14985.24
2026-01-17 13:00:00,0.667,0.669,0.665,0.667,74654.76
2026-01-17 14:00:00,0.668,0.672,0.665,0.672,26796.98
2026-01-17 15:00:00,0.672,0.677,0.67,0.672,87481.71
2026-01-17 16:00:00,0.672,0.674,0.664,0.666,58126.44
2026-01-17 17:00:00,0.665,0.669,0.664,0.665,47529.35
2026-01-17 18:00:00,0.665,0.667,0.664,0.667,11158.35
2026-01-17 19:00:00,0.666,0.666,0.665,0.666,5677.51
2026-01-17 20:00:00,0.666,0.668,0.665,0.667,26198.57
2026-01-17 21:00:00,0.667,0.669,0.666,0.668,38694.77
2026-01-17 22:00:00,0.669,0.669,0.662,0.664,25962.29
2026-01-17 23:00:00,0.663,0.665,0.662,0.663,11180.44
2026-01-18 00:00:00,0.663,0.667,0.661,0.663,42249.21
2026-01-18 01:00:00,0.662,0.663,0.654,0.66,84981.39
2026-01-18 02:00:00,0.66,0.662,0.657,0.658,34396.91
2026-01-18 03:00:00,0.658,0.66,0.656,0.657,31938.86
2026-01-18 04:00:00,0.656,0.658,0.655,0.658,16307.05
2026-01-18 05:00:00,0.658,0.66,0.657,0.659,26790.59
2026-01-18 06:00:00,0.659,0.66,0.658,0.659,15269.68
2026-01-18 07:00:00,0.658,0.658,0.656,0.658,6512.69
2026-01-18 08:00:00,0.658,0.659,0.657,0.658,8267.53
2026-01-18 09:00:00,0.658,0.659,0.658,0.659,9328.61
2026-01-18 10:00:00,0.659,0.661,0.657,0.661,22749.73
2026-01-18 11:00:00,0.661,0.671,0.661,0.666,79556.21
2026-01-18 12:00:00,0.666,0.669,0.665,0.667,44250.29
2026-01-18 13:00:00,0.667,0.668,0.663,0.664,82824.53
2026-01-18 14:00:00,0.664,0.67,0.661,0.661,77256.22
2026-01-18 15:00:00,0.661,0.662,0.659,0.66,49236.98
2026-01-18 16:00:00,0.66,0.663,0.66,0.661,20050.99
2026-01-18 17:00:00,0.66,0.666,0.659,0.664,26604.35
2026-01-18 18:00:00,0.663,0.667,0.662,0.667,16961.15
2026-01-18 19:00:00,0.667,0.667,0.662,0.662,13898.95
2026-01-18 20:00:00,0.662,0.665,0.66,0.664,12665.17
2026-01-18 21:00:00,0.664,0.665,0.664,0.665,3272.87
2026-01-18 22:00:00,0.664,0.666,0.664,0.666,9628.77
2026-01-18 23:00:00,0.665,0.665,0.636,0.636,192636.84
2026-01-19 00:00:00,0.635,0.635,0.549,0.599,1033542.68
2026-01-19 01:00:00,0.598,0.604,0.593,0.594,126659.49
2026-01-19 02:00:00,0.594,0.6,0.592,0.598,30908.48
2026-01-19 03:00:00,0.598,0.599,0.595,0.598,32217.89
2026-01-19 04:00:00,0.598,0.6,0.583,0.585,79880.46
2026-01-19 05:00:00,0.585,0.589,0.577,0.582,152057.57
2026-01-19 06:00:00,0.582,0.588,0.582,0.584,47645.59
2026-01-19 07:00:00,0.585,0.594,0.585,0.591,76385.56
2026-01-19 08:00:00,0.591,0.595,0.59,0.594,30233.6
2026-01-19 09:00:00,0.594,0.594,0.587,0.588,38256.41
2026-01-19 10:00:00,0.587,0.589,0.581,0.583,75617.3
2026-01-19 11:00:00,0.584,0.592,0.584,0.588,132055.9
2026-01-19 12:00:00,0.588,0.588,0.58,0.585,88699.94
2026-01-19 13:00:00,0.586,0.59,0.585,0.588,41803.79
2026-01-19 14:00:00,0.589,0.595,0.589,0.592,55972.59
2026-01-19 15:00:00,0.592,0.592,0.588,0.591,60462.21
2026-01-19 16:00:00,0.591,0.602,0.59,0.597,125112.66
2026-01-19 17:00:00,0.598,0.6,0.595,0.598,42461.82
2026-01-19 18:00:00,0.598,0.598,0.596,0.598,18245.68
2026-01-19 19:00:00,0.598,0.601,0.597,0.599,22024.99
2026-01-19 20:00:00,0.6,0.6,0.595,0.595,27748.78
2026-01-19 21:00:00,0.596,0.596,0.591,0.593,47050.05
2026-01-19 22:00:00,0.593,0.593,0.589,0.59,20052.57
2026-01-19 23:00:00,0.59,0.597,0.59,0.596,70741.78
2026-01-20 00:00:00,0.596,0.596,0.589,0.59,30209.6
2026-01-20 01:00:00,0.59,0.592,0.584,0.591,61887.82
2026-01-20 02:00:00,0.591,0.595,0.589,0.594,30121.74
2026-01-20 03:00:00,0.594,0.596,0.591,0.591,66867.75
2026-01-20 04:00:00,0.591,0.594,0.589,0.593,24535.29
2026-01-20 05:00:00,0.592,0.598,0.59,0.598,67839.94
2026-01-20 06:00:00,0.598,0.598,0.585,0.588,112564.02
2026-01-20 07:00:00,0.588,0.59,0.584,0.584,51069.03
2026-01-20 08:00:00,0.584,0.584,0.576,0.58,90661.73
2026-01-20 09:00:00,0.58,0.581,0.575,0.575,48663.75
2026-01-20 10:00:00,0.576,0.578,0.575,0.577,39864.91
2026-01-20 11:00:00,0.578,0.579,0.576,0.578,65580.51
2026-01-20 12:00:00,0.578,0.583,0.578,0.579,44656.93
2026-01-20 13:00:00,0.579,0.579,0.571,0.572,56628.48
2026-01-20 14:00:00,0.573,0.582,0.573,0.577,81947.31
2026-01-20 15:00:00,0.578,0.578,0.569,0.571,53195.27
2026-01-20 16:00:00,0.571,0.573,0.56,0.561,51894.68
2026-01-20 17:00:00,0.561,0.566,0.558,0.562,51119.8
2026-01-20 18:00:00,0.562,0.563,0.556,0.557,33196.78
2026-01-20 19:00:00,0.557,0.56,0.544,0.552,405037.19
2026-01-20 20:00:00,0.552,0.555,0.549,0.552,87828.68
2026-01-20 21:00:00,0.553,0.553,0.545,0.545,71124.59
2026-01-20 22:00:00,0.545,0.547,0.536,0.546,188273.34
2026-01-20 23:00:00,0.545,0.545,0.54,0.544,67076.22
2026-01-21 00:00:00,0.544,0.575,0.544,0.57,643828.1
2026-01-21 01:00:00,0.571,0.571,0.554,0.556,157764.95
2026-01-21 02:00:00,0.556,0.56,0.555,0.557,60290.22
2026-01-21 03:00:00,0.557,0.559,0.554,0.556,48008.31
2026-01-21 04:00:00,0.556,0.562,0.555,0.561,25127.15
2026-01-21 05:00:00,0.561,0.563,0.561,0.561,36258.8
2026-01-21 06:00:00,0.561,0.564,0.559,0.56,44414.86
2026-01-21 07:00:00,0.56,0.566,0.56,0.563,49232.29
2026-01-21 08:00:00,0.563,0.566,0.56,0.562,32221.76
2026-01-21 09:00:00,0.562,0.562,0.559,0.56,17998.71
2026-01-21 10:00:00,0.56,0.567,0.559,0.565,71346.61
2026-01-21 11:00:00,0.564,0.566,0.562,0.563,170183.27
2026-01-21 12:00:00,0.563,0.564,0.55,0.556,108147.84
2026-01-21 13:00:00,0.556,0.558,0.546,0.549,102024.24
2026-01-21 14:00:00,0.548,0.561,0.548,0.56,86721.55
2026-01-21 15:00:00,0.56,0.564,0.558,0.564,76783.73
2026-01-21 16:00:00,0.564,0.568,0.547,0.548,146534.77
2026-01-21 17:00:00,0.549,0.553,0.545,0.55,70379.97
2026-01-21 18:00:00,0.55,0.558,0.549,0.557,39421.76
2026-01-21 19:00:00,0.556,0.571,0.554,0.571,79322.54
2026-01-21 20:00:00,0.571,0.571,0.566,0.57,27099.75
2026-01-21 21:00:00,0.57,0.576,0.57,0.575,22273.56
2026-01-21 22:00:00,0.575,0.579,0.574,0.576,48044.72
2026-01-21 23:00:00,0.575,0.576,0.566,0.568,57913.0
2026-01-22 00:00:00,0.569,0.569,0.565,0.569,52633.23
2026-01-22 01:00:00,0.568,0.572,0.567,0.57,57013.06
2026-01-22 02:00:00,0.57,0.573,0.567,0.567,52243.64
2026-01-22 03:00:00,0.568,0.58,0.568,0.576,237602.0
2026-01-22 04:00:00,0.576,0.577,0.573,0.573,48349.03
2026-01-22 05:00:00,0.573,0.573,0.567,0.57,60532.69
2026-01-22 06:00:00,0.571,0.573,0.566,0.569,47555.43
2026-01-22 07:00:00,0.569,0.569,0.565,0.565,22763.89
2026-01-22 08:00:00,0.565,0.569,0.561,0.568,55980.2
2026-01-22 09:00:00,0.569,0.606,0.568,0.594,564335.92
2026-01-22 10:00:00,0.593,0.632,0.588,0.594,1637440.72
2026-01-22 11:00:00,0.594,0.602,0.592,0.597,326383.95
2026-01-22 12:00:00,0.597,0.623,0.592,0.614,631377.44
2026-01-22 13:00:00,0.613,0.627,0.606,0.619,1591099.67
2026-01-22 14:00:00,0.619,0.63,0.609,0.617,707864.11
2026-01-22 15:00:00,0.617,0.641,0.607,0.632,625643.19
2026-01-22 16:00:00,0.633,0.673,0.632,0.647,1543254.81
2026-01-22 17:00:00,0.647,0.683,0.639,0.67,1122982.28
2026-01-22 18:00:00,0.67,0.672,0.645,0.646,568608.55
2026-01-22 19:00:00,0.647,0.654,0.626,0.632,373714.94
2026-01-22 20:00:00,0.633,0.635,0.621,0.627,369722.59
2026-01-22 21:00:00,0.627,0.631,0.622,0.622,208168.72
2026-01-22 22:00:00,0.622,0.623,0.615,0.62,239319.55
2026-01-22 23:00:00,0.62,0.635,0.615,0.627,287219.11
2026-01-23 00:00:00,0.627,0.688,0.622,0.669,1589808.89
2026-01-23 01:00:00,0.668,0.668,0.637,0.643,484710.89
2026-01-23 02:00:00,0.642,0.649,0.632,0.649,246094.06
2026-01-23 03:00:00,0.648,0.655,0.643,0.65,207351.28
2026-01-23 04:00:00,0.65,0.679,0.648,0.673,389638.72
2026-01-23 05:00:00,0.673,0.805,0.671,0.8,2971335.43
2026-01-23 06:00:00,0.801,0.922,0.801,0.871,4417126.17
2026-01-23 07:00:00,0.872,0.892,0.82,0.833,2231097.81
2026-01-23 08:00:00,0.834,0.839,0.789,0.806,1811512.08
2026-01-23 09:00:00,0.804,0.903,0.799,0.847,1988045.22
2026-01-23 10:00:00,0.847,0.872,0.807,0.864,1657371.66
2026-01-23 11:00:00,0.865,0.865,0.787,0.795,1495343.58
2026-01-23 12:00:00,0.796,0.8,0.749,0.751,1156869.66
2026-01-23 13:00:00,0.751,0.76,0.732,0.741,634106.5
2026-01-23 14:00:00,0.741,0.782,0.731,0.767,1064997.28
2026-01-23 15:00:00,0.768,0.768,0.736,0.744,621812.06
2026-01-23 16:00:00,0.743,0.749,0.719,0.744,429921.1
2026-01-23 17:00:00,0.745,0.757,0.735,0.746,378348.32
2026-01-23 18:00:00,0.747,0.759,0.737,0.739,306365.88
2026-01-23 19:00:00,0.74,0.775,0.732,0.747,694732.53
2026-01-23 20:00:00,0.747,0.768,0.735,0.751,581544.81
2026-01-23 21:00:00,0.751,0.77,0.751,0.765,354940.31
2026-01-23 22:00:00,0.765,0.782,0.745,0.779,338953.25
2026-01-23 23:00:00,0.779,0.79,0.759,0.767,790795.82
2026-01-24 00:00:00,0.766,0.896,0.752,0.888,2708135.95
2026-01-24 01:00:00,0.887,1.039,0.86,1.012,2117419.3
2026-01-24 02:00:00,1.012,1.051,0.965,1.042,1661768.5
2026-01-24 03:00:00,1.041,1.286,1.037,1.263,4199277.45
2026-01-24 04:00:00,1.262,1.264,1.129,1.15,1983223.4
2026-01-24 05:00:00,1.149,1.214,1.134,1.174,1340865.21
2026-01-24 06:00:00,1.173,1.185,1.139,1.167,912365.53
2026-01-24 07:00:00,1.168,1.169,1.164,1.165,8225.36
