ticker,start_time,mcap,24hVol_20260128,history_days
BTCUSDT,2019-09-08,,12571425111.94,2334.0
ETHUSDT,2019-11-27,,10315360630.5,2254.0
SOLUSDT,2020-09-14,,2189642359.3735,1962.0
XAGUSDT,2026-01-07,,1937987654.8861,21.0
XAUUSDT,2025-12-11,,1725964152.19,48.0
HYPEUSDT,2025-05-30,,1343846571.54008,243.0
RIVERUSDT,2025-10-17,,1050566831.2245,103.0
XRPUSDT,2020-01-06,,888617242.8263,2214.0
PAXGUSDT,2025-03-27,,739132016.0292,307.0
WLDUSDT,2023-07-24,,661584359.4995,919.0
SOMIUSDT,2025-08-25,,544899070.9378,156.0
DOGEUSDT,2020-07-10,,505452386.39191,2028.0
ZECUSDT,2020-02-05,,503139435.13,2184.0
JTOUSDT,2023-12-08,,409460107.4136,782.0
PIPPINUSDT,2025-01-24,,371517548.47766,369.0
BNBUSDT,2020-02-10,,331749222.637,2179.0
1000PEPEUSDT,2023-05-05,,316022944.6080432,999.0
AXSUSDT,2020-11-20,,315776890.14,1895.0
PUMPUSDT,2025-07-10,,312722322.976821,202.0
QUSDT,2025-09-02,,256511000.448504,148.0
PLAYUSDT,2025-07-31,,250076773.43087,181.0
SUIUSDT,2023-05-03,,240216690.08545,1001.0
ADAUSDT,2020-01-31,,217560054.0153,2189.0
ASTERUSDT,2025-09-19,,184275727.6251,131.0
LINKUSDT,2020-01-17,,163075665.251,2203.0
FOGOUSDT,2026-01-10,,153159668.81149,18.0
XPLUSDT,2025-08-22,,135568236.8861,159.0
DASHUSDT,2020-02-04,,134680231.18,2185.0
AVAXUSDT,2020-09-23,,132906403.702,1953.0
ENAUSDT,2024-04-02,,132498369.3131,666.0
KITEUSDT,2025-10-29,,125483271.60949,91.0
BCHUSDT,2019-12-19,,121888489.63,2232.0
STABLEUSDT,2025-11-06,,120218522.364682,83.0
LTCUSDT,2020-01-09,,116689176.89,2211.0
ENSOUSDT,2025-10-14,,115686932.8157,106.0
FRAXUSDT,2026-01-15,,97510771.7421,13.0
FARTCOINUSDT,2024-12-20,,93937136.56139,404.0
AAVEUSDT,2020-10-16,,93332988.928,1930.0
TAOUSDT,2024-04-11,,92305209.69,657.0
VIRTUALUSDT,2024-12-10,,89204693.6147,414.0
FILUSDT,2020-10-16,,88845427.559,1930.0
NOMUSDT,2025-10-01,,87615500.878862,119.0
LITUSDT,2025-12-23,,86177347.3595,36.0
ACUUSDT,2026-01-21,,85707255.83563,7.0
PENGUUSDT,2024-12-17,,84732259.606341,407.0
WIFUSDT,2024-01-18,,77689977.2636,741.0
CRVUSDT,2020-09-01,,77018882.993,1975.0
IPUSDT,2025-02-13,,72666019.0488,349.0
ROSEUSDT,2021-12-31,,72641894.59017,1489.0
AVNTUSDT,2025-09-09,,71865471.64744,141.0
DOTUSDT,2020-08-22,,71410649.167,1985.0
NEARUSDT,2020-10-15,,66009809.307,1931.0
XMRUSDT,2020-02-03,,64836979.94,2186.0
JUPUSDT,2024-01-31,,60502460.0159,728.0
ARBUSDT,2023-03-23,,60063288.40077,1042.0
UNIUSDT,2020-09-18,,59824742.278,1958.0
WLFIUSDT,2025-08-23,,58553956.097,158.0
OPUSDT,2022-06-01,,57246089.7028,1337.0
RESOLVUSDT,2025-06-10,,56763845.76806,232.0
ZROUSDT,2024-06-20,,55895796.34833,587.0
SAHARAUSDT,2025-06-26,,54900974.10251,216.0
1000SHIBUSDT,2021-05-10,,53403890.708532,1724.0
BTRUSDT,2025-08-27,,51778612.00456,154.0
CLANKERUSDT,2025-11-12,,51208684.8565,77.0
TRXUSDT,2020-01-15,,51183704.27408,2205.0
AXLUSDT,2024-03-01,,50289078.11562,698.0
AIAUSDT,2026-01-20,,49242361.84232,8.0
SPACEUSDT,2026-01-23,,49069978.988543,5.0
HANAUSDT,2025-09-26,,47180764.73822,124.0
RENDERUSDT,2024-07-26,,46966061.4718,551.0
TRUMPUSDT,2025-01-18,,46846928.71328,375.0
PTBUSDT,2025-09-03,,46693594.592353,147.0
0GUSDT,2025-09-17,,44421531.9713,133.0
MONUSDT,2025-10-10,,44180274.00052,110.0
APTUSDT,2022-10-19,,43825899.82972,1197.0
SENTUSDT,2025-11-14,,43192526.46079,75.0
DUSKUSDT,2022-01-07,,43169110.59361,1482.0
PYTHUSDT,2023-11-22,,39811471.54978,798.0
ICPUSDT,2022-09-27,,39231823.848,1219.0
FETUSDT,2023-01-17,,39173791.8623,1107.0
ZAMAUSDT,2026-01-09,,37789520.8389,19.0
CLOUSDT,2025-10-14,,37554088.0064,106.0
HBARUSDT,2021-03-17,,37486593.59477,1778.0
ONDOUSDT,2024-01-20,,37127993.15212,739.0
MERLUSDT,2025-05-29,,37072749.71029,244.0
SANDUSDT,2021-01-25,,36695008.34814,1829.0
1000BONKUSDT,2023-11-22,,36316139.553086,798.0
CCUSDT,2025-10-31,,35688805.73977,89.0
ZENUSDT,2020-11-24,,35665957.81,1891.0
HOLOUSDT,2025-09-11,,35285077.52971,139.0
XLMUSDT,2020-01-20,,35211853.95761,2200.0
FHEUSDT,2025-04-12,,35132426.29691,291.0
1INCHUSDT,2020-12-25,,34982048.4011,1860.0
TIAUSDT,2023-10-31,,34400193.1173,820.0
SKRUSDT,2026-01-22,,33378860.920314,6.0
ELSAUSDT,2026-01-22,,32287836.4933,6.0
AUCTIONUSDT,2023-12-15,,31465250.2371,775.0
CHZUSDT,2021-01-21,,31048653.08901,1833.0
PENDLEUSDT,2023-07-28,,30025337.3474,915.0
ETCUSDT,2020-01-16,,29015106.87,2204.0
DYDXUSDT,2021-09-10,,27904696.21,1601.0
GALAUSDT,2021-09-18,,27375719.45001,1593.0
ATOMUSDT,2020-02-07,,27302944.56,2182.0
ARKMUSDT,2023-07-28,,27093023.0228,915.0
TONUSDT,2024-03-01,,26409297.99773,698.0
SYNUSDT,2024-08-16,,26103821.56279,530.0
FLOWUSDT,2022-02-10,,25712905.737573,1448.0
CYSUSDT,2025-12-12,,25392674.3082,47.0
BEATUSDT,2025-11-12,,24499434.9972,77.0
2ZUSDT,2025-10-02,,24449719.71131,118.0
POLUSDT,2024-09-13,,23582948.00129,502.0
GIGGLEUSDT,2025-10-09,,23472149.1125,111.0
1000CATUSDT,2024-10-21,,23245285.215655,464.0
1MBABYDOGEUSDT,2024-09-16,,22902750.492222,499.0
LINEAUSDT,2025-09-01,,22890604.371625,149.0
SSVUSDT,2023-02-24,,21586096.17456,1069.0
INJUSDT,2022-08-17,,20781084.0019,1260.0
ZKCUSDT,2025-09-15,,20777459.3946,135.0
SEIUSDT,2023-08-17,,20400915.6817,895.0
LDOUSDT,2022-09-22,,20331374.3154,1224.0
1000RATSUSDT,2023-12-15,,20159122.6472,775.0
FIGHTUSDT,2026-01-23,,19934464.155004,5.0
USELESSUSDT,2025-08-15,,19741639.80984,166.0
BERAUSDT,2025-02-06,,19636904.06842,356.0
KAIAUSDT,2024-12-04,,19462295.89529,420.0
METISUSDT,2024-03-12,,18563360.5053,687.0
COLLECTUSDT,2025-12-31,,17652541.06349,28.0
METUSDT,2025-10-11,,17399651.9761,109.0
42USDT,2025-10-27,,17067803.41243,93.0
ALGOUSDT,2020-06-16,,16998714.4208,2052.0
PIEVERSEUSDT,2025-11-14,,16868678.7366,75.0
1000CHEEMSUSDT,2024-11-25,,16100770.9213951,429.0
1000SATSUSDT,2023-12-12,,15541526.5008073,778.0
FLUIDUSDT,2025-09-24,,14598810.6345,126.0
STRKUSDT,2024-02-20,,14270636.67937,708.0
ETHFIUSDT,2024-03-18,,14170924.99595,681.0
BREVUSDT,2025-12-30,,13831743.6352,29.0
EIGENUSDT,2024-10-01,,13730901.83411,484.0
SPXUSDT,2024-12-10,,12852511.9775,414.0
ZKPUSDT,2025-12-21,,12601598.47342,38.0
DUSDT,2025-01-09,,12579538.9152,384.0
GRASSUSDT,2024-11-08,,12263179.02712,446.0
ORDIUSDT,2023-11-07,,12185191.6999,813.0
STGUSDT,2022-08-25,,12066094.3722,1252.0
MANAUSDT,2021-03-15,,11891896.7588,1780.0
WUSDT,2024-04-03,,11671206.617789,665.0
HUSDT,2025-06-25,,11542766.53883,217.0
BIOUSDT,2025-01-03,,11205332.68898,390.0
COMMONUSDT,2025-10-27,,10998955.935403,93.0
SYRUPUSDT,2025-05-07,,10926525.53474,266.0
4USDT,2025-10-08,,10911765.97874,112.0
LPTUSDT,2021-11-11,,10677641.431,1539.0
PNUTUSDT,2024-11-11,,10623337.2998,443.0
VETUSDT,2020-02-14,,10612775.56436,2175.0
1000FLOKIUSDT,2023-05-06,,10564295.23878,998.0
GUNUSDT,2025-03-31,,10378794.83711,303.0
NEIROUSDT,2024-09-16,,10333873.2066672,499.0
MIRAUSDT,2025-09-26,,9695110.5942,124.0
THEUSDT,2024-11-27,,9465497.45981,427.0
ARCUSDT,2025-01-17,,9336343.09489,376.0
BOMEUSDT,2024-03-16,,9336008.8641513,683.0
WETUSDT,2025-12-10,,9267344.86778,49.0
ZBTUSDT,2025-10-17,,9171352.7124,103.0
EPTUSDT,2025-04-21,,9039547.789649,282.0
KAITOUSDT,2025-02-20,,9005662.55372,342.0
ARUSDT,2021-09-28,,8995059.807,1583.0
AIXBTUSDT,2024-12-20,,8932381.0546,404.0
TURBOUSDT,2024-05-30,,8917663.3375933,608.0
ERAUSDT,2025-07-17,,8712782.8197,195.0
XVGUSDT,2023-07-05,,8662787.5504028,938.0
ENSUSDT,2021-11-30,,8642347.997,1520.0
RLSUSDT,2025-12-02,,8602763.245181,57.0
TURTLEUSDT,2025-10-22,,8548745.62615,98.0
JASMYUSDT,2022-04-20,,8493118.800402,1379.0
SUSDT,2025-01-16,,8190213.61316,377.0
LIGHTUSDT,2025-09-27,,8108876.5021,123.0
SUNUSDT,2024-08-22,,8084335.616207,524.0
CELOUSDT,2021-09-27,,8040025.699,1584.0
CAKEUSDT,2023-11-02,,7989347.959,818.0
FOLKSUSDT,2025-11-06,,7988554.4857,83.0
FFUSDT,2025-09-29,,7950150.55503,121.0
AEROUSDT,2024-12-04,,7919577.42535,420.0
JSTUSDT,2025-04-28,,7728194.123589,275.0
SNXUSDT,2020-08-14,,7661962.337,1993.0
TRBUSDT,2020-09-03,,7483183.312,1973.0
DOLOUSDT,2025-05-01,,7464461.05281,272.0
BROCCOLI714USDT,2025-03-21,,7438353.9001,313.0
OMUSDT,2024-02-13,,7398879.02507,715.0
SPORTFUNUSDT,2026-01-16,,7334234.97128,12.0
ZKUSDT,2024-06-17,,7318894.10268,590.0
PROMUSDT,2025-01-15,,7298045.447,378.0
COMPUSDT,2020-06-30,,7191228.09,2038.0
ONTUSDT,2020-02-11,,7178127.6908,2178.0
IMXUSDT,2022-02-11,,7065125.1441,1447.0
APEUSDT,2022-03-17,,6869872.9063,1413.0
MOODENGUSDT,2024-10-25,,6836661.21181,460.0
MINAUSDT,2023-02-07,,6808135.0681,1086.0
NOTUSDT,2024-05-16,,6796622.476518,622.0
THETAUSDT,2020-05-27,,6792196.6928,2072.0
NEWTUSDT,2025-06-19,,6765628.7407,223.0
XTZUSDT,2020-02-06,,6656720.948,2183.0
QNTUSDT,2022-10-20,,6576122.933,1196.0
VVVUSDT,2025-01-29,,6501710.53373,364.0
RAYSOLUSDT,2024-12-10,,6474054.68832,414.0
ICNTUSDT,2025-07-03,,6437689.9341,209.0
ALICEUSDT,2021-03-16,,6341146.741,1779.0
ATUSDT,2025-10-29,,6325631.40212,91.0
LAYERUSDT,2025-02-11,,6294225.46128,351.0
GRTUSDT,2020-12-19,,6268016.05151,1866.0
WCTUSDT,2025-04-15,,6220373.90627,288.0
INUSDT,2025-08-07,,6139837.64853,174.0
OPENUSDT,2025-09-08,,6137327.5149,142.0
POWERUSDT,2025-12-06,,6127473.94262,53.0
IOUSDT,2024-06-11,,6101650.8045,596.0
MANTAUSDT,2024-01-18,,5970383.760225,741.0
XVSUSDT,2023-04-13,,5947461.7657,1021.0
GMTUSDT,2022-03-15,,5938631.16679,1415.0
PEOPLEUSDT,2021-12-24,,5819933.49372,1496.0
CUDISUSDT,2025-08-20,,5769456.643,161.0
STXUSDT,2023-02-21,,5766781.957,1072.0
ACHUSDT,2023-02-22,,5730487.042076,1071.0
CFXUSDT,2023-02-20,,5677532.80287,1073.0
NIGHTUSDT,2025-12-10,,5577276.74201,49.0
RAVEUSDT,2025-12-14,,5554822.59796,45.0
REDUSDT,2025-03-06,,5496660.8386,328.0
KASUSDT,2023-11-17,,5452500.9604,803.0
INITUSDT,2025-04-16,,5425639.4483,287.0
SKYUSDT,2025-09-09,,5414087.41157,141.0
LYNUSDT,2025-10-06,,5408386.02024,114.0
MYXUSDT,2025-06-18,,5382009.517,224.0
HMSTRUSDT,2024-09-26,,5334469.747228,489.0
TRADOORUSDT,2025-09-19,,5333470.447,131.0
RUNEUSDT,2020-09-04,,5308530.5974,1972.0
MELANIAUSDT,2025-01-20,,5237228.50463,373.0
GASUSDT,2023-10-25,,5168770.579,826.0
GRIFFAINUSDT,2025-01-02,,5132625.58867,391.0
CVXUSDT,2025-07-23,,5120739.2086,189.0
PLUMEUSDT,2025-03-21,,5085777.33611,313.0
IDOLUSDT,2025-07-04,,5085215.51895,208.0
MEUSDT,2024-12-10,,5054162.24226,414.0
BARDUSDT,2025-09-18,,5029265.9358,132.0
LABUSDT,2025-10-17,,4982912.07201,103.0
EDENUSDT,2025-09-30,,4972700.17282,120.0
MEMEUSDT,2023-11-03,,4941255.818375,817.0
ASTRUSDT,2023-02-14,,4923792.906413,1079.0
ARPAUSDT,2021-10-19,,4873432.57491,1562.0
BANANAUSDT,2024-08-15,,4826434.9758,531.0
KGENUSDT,2025-10-07,,4821725.74205,113.0
HOMEUSDT,2025-06-10,,4796239.925707,232.0
BEAMXUSDT,2023-11-17,,4791139.70557,803.0
MMTUSDT,2025-11-04,,4723936.8279,85.0
ZETAUSDT,2024-02-02,,4699909.31045,726.0
GLMUSDT,2024-02-22,,4612908.37542,706.0
ONGUSDT,2023-11-27,,4531643.84243,793.0
TRUSTUSDT,2025-11-05,,4531140.9295,84.0
ESPORTSUSDT,2025-07-29,,4526673.34736,183.0
ALLOUSDT,2025-11-11,,4524797.2869,78.0
NMRUSDT,2023-06-22,,4513071.517,951.0
POPCATUSDT,2024-08-22,,4498599.911,524.0
ATHUSDT,2025-04-02,,4487038.72308,301.0
SCRTUSDT,2024-11-21,,4344349.7685,433.0
KMNOUSDT,2024-12-20,,4343300.20917,404.0
PROMPTUSDT,2025-04-11,,4305180.32237,292.0
BATUSDT,2020-02-13,,4271707.7104,2176.0
1000LUNCUSDT,2022-09-09,,4246014.30912,1237.0
SUSHIUSDT,2020-09-04,,4242375.5837,1972.0
BULLAUSDT,2025-07-04,,4226506.76761,208.0
SPKUSDT,2025-06-17,,4180206.16484,225.0
MOVEUSDT,2024-12-09,,4173735.20258,415.0
FLOCKUSDT,2025-09-09,,4159301.3112,141.0
RVNUSDT,2021-02-23,,4142900.67268,1800.0
ACTUSDT,2024-11-11,,4139696.45625,443.0
TREEUSDT,2025-07-29,,4129284.3442,183.0
USUALUSDT,2024-12-18,,4116844.34901,406.0
EGLDUSDT,2020-09-14,,4112383.678,1962.0
MASKUSDT,2021-08-27,,4101574.7239,1615.0
TRUTHUSDT,2025-10-01,,4092764.30486,119.0
TNSRUSDT,2024-04-08,,4073301.619544,660.0
IOTAUSDT,2020-02-12,,4073167.6902,2177.0
NXPCUSDT,2025-05-15,,4064172.8718,258.0
SXTUSDT,2025-05-02,,4014858.04143,271.0
GPSUSDT,2025-02-17,,3994320.379817,345.0
PHAUSDT,2024-12-30,,3935724.46361,394.0
AKTUSDT,2024-11-18,,3917009.79068,436.0
YGGUSDT,2023-08-05,,3912136.81158,907.0
KSMUSDT,2020-10-14,,3881314.599,1932.0
VANRYUSDT,2024-03-13,,3877841.819607,686.0
COAIUSDT,2025-09-25,,3842054.3633,125.0
HYPERUSDT,2025-04-22,,3737576.1115,281.0
RONINUSDT,2024-02-06,,3703337.69304,722.0
ORCAUSDT,2024-12-06,,3677990.2564,418.0
NAORISUSDT,2025-07-31,,3663643.00405,181.0
DRIFTUSDT,2024-11-08,,3650745.0819,446.0
BANANAS31USDT,2025-03-22,,3620708.731212,312.0
MORPHOUSDT,2024-11-27,,3618273.95829,427.0
TOSHIUSDT,2025-09-17,,3589448.9023597,133.0
BBUSDT,2024-05-13,,3583506.70968,625.0
STOUSDT,2025-04-12,,3582676.6388,291.0
NEOUSDT,2020-02-17,,3508299.362,2172.0
USDCUSDT,2023-03-12,,3495648.937412,1053.0
SHELLUSDT,2025-02-17,,3492745.35457,345.0
SLPUSDT,2025-07-23,,3483020.4785297,189.0
BRUSDT,2025-03-21,,3453651.48058,313.0
ANIMEUSDT,2025-01-23,,3436350.842591,370.0
GUSDT,2024-08-15,,3425206.799364,531.0
LUNA2USDT,2022-09-10,,3385080.18063,1236.0
YALAUSDT,2025-08-07,,3373050.2294,174.0
HUMAUSDT,2025-05-26,,3367972.026314,247.0
ZORAUSDT,2025-07-25,,3353192.00787,187.0
POLYXUSDT,2023-10-25,,3307493.03699,826.0
PARTIUSDT,2025-03-25,,3295212.03886,309.0
AUSDT,2025-05-28,,3276341.2914,245.0
SUPERUSDT,2023-11-26,,3270368.9912,794.0
CYBERUSDT,2023-08-21,,3264220.13141,891.0
HEMIUSDT,2025-08-29,,3249708.831146,152.0
GTCUSDT,2021-06-11,,3247197.95,1692.0
DOODUSDT,2025-05-09,,3245625.8957855,264.0
GUAUSDT,2025-12-21,,3231217.7183,38.0
JELLYJELLYUSDT,2025-03-26,,3214466.66348,308.0
MAGMAUSDT,2025-12-31,,3135561.14354,28.0
BRETTUSDT,2024-08-20,,3133399.61117,526.0
FORMUSDT,2025-03-19,,3119776.87876,315.0
BLURUSDT,2023-04-28,,3088088.50154,1006.0
ALTUSDT,2024-01-25,,3086306.32083,734.0
TWTUSDT,2023-11-03,,3058354.1452,817.0
KERNELUSDT,2025-04-14,,3050569.23468,289.0
OGUSDT,2025-05-12,,3038217.0981,261.0
AGLDUSDT,2023-07-29,,3037295.4352,914.0
TAIKOUSDT,2025-06-11,,2997999.9124,231.0
EULUSDT,2025-10-13,,2958858.3335,107.0
TAKEUSDT,2025-09-03,,2948510.12941,147.0
YFIUSDT,2020-08-31,,2940772.4,1976.0
B2USDT,2025-05-06,,2916665.9127,267.0
BASUSDT,2025-08-26,,2881464.334154,155.0
DEEPUSDT,2025-04-22,,2826600.56028,281.0
WALUSDT,2025-03-27,,2825248.1044,307.0
ZRXUSDT,2020-06-24,,2807376.8172,2044.0
IOSTUSDT,2020-02-21,,2795650.837436,2168.0
SWARMSUSDT,2025-01-07,,2789459.7239,386.0
STBLUSDT,2025-09-17,,2767248.24834,133.0
SAPIENUSDT,2025-08-20,,2741759.75541,161.0
VELVETUSDT,2025-07-15,,2726477.95696,197.0
ANKRUSDT,2021-01-26,,2710626.971872,1828.0
SAGAUSDT,2024-04-09,,2704800.235542,659.0
IRYSUSDT,2025-11-26,,2685281.602992,63.0
MAGICUSDT,2023-01-25,,2677797.50195,1099.0
FUNUSDT,2025-03-31,,2674672.242258,303.0
YBUSDT,2025-10-10,,2629359.1926,110.0
VANAUSDT,2024-12-16,,2619819.87424,408.0
IDUSDT,2023-03-23,,2608289.03053,1042.0
MEWUSDT,2024-06-17,,2601504.38135,590.0
MUBARAKUSDT,2025-03-17,,2594223.73506,317.0
XAIUSDT,2024-01-09,,2583991.11997,750.0
EVAAUSDT,2025-10-03,,2575566.37069,117.0
XPINUSDT,2025-09-12,,2568801.865919,138.0
RSRUSDT,2020-10-19,,2532048.284869,1927.0
IRUSDT,2025-12-21,,2516545.62323,38.0
EDUUSDT,2023-04-30,,2506962.6036,1004.0
KAVAUSDT,2020-07-28,,2471336.0287,2010.0
API3USDT,2022-02-22,,2470846.9414,1436.0
ORDERUSDT,2025-09-26,,2466019.93962,124.0
BABYUSDT,2025-04-05,,2431784.76369,298.0
SOONUSDT,2025-05-23,,2421068.1111,250.0
AGTUSDT,2025-05-20,,2414888.337919,253.0
ONEUSDT,2021-03-18,,2406230.53904,1777.0
BLUAIUSDT,2025-10-21,,2401668.529564,99.0
RVVUSDT,2025-10-18,,2388894.68935,102.0
GOATUSDT,2024-10-24,,2381943.5182,461.0
FIDAUSDT,2024-09-19,,2380488.67146,496.0
BDXNUSDT,2025-06-03,,2357627.806,239.0
DODOXUSDT,2023-08-08,,2316123.955038,904.0
ZILUSDT,2020-06-18,,2286789.19616,2050.0
DEXEUSDT,2024-12-24,,2249716.63029,400.0
PROVEUSDT,2025-08-05,,2224417.30821,176.0
COTIUSDT,2021-03-10,,2220721.91899,1785.0
BIGTIMEUSDT,2023-10-12,,2207874.87922,839.0
HFTUSDT,2023-04-06,,2179392.32402,1028.0
ALCHUSDT,2025-01-07,,2124896.39473,386.0
MUSDT,2025-07-07,,2090645.4713,205.0
QTUMUSDT,2020-02-20,,2074431.027,2169.0
BOBUSDT,2025-11-21,,2053254.530882,68.0
BANUSDT,2024-11-18,,2037910.86475,436.0
LRCUSDT,2020-10-19,,2033560.02398,1927.0
DOGSUSDT,2024-08-26,,2032919.8158498,520.0
SOPHUSDT,2025-05-28,,2030129.012621,245.0
ZEREBROUSDT,2025-01-02,,2007544.97432,391.0
NFPUSDT,2023-12-27,,2000767.573797,763.0
WOOUSDT,2022-04-08,,1976306.69777,1391.0
HEIUSDT,2025-02-13,,1971449.03582,349.0
CHRUSDT,2021-03-12,,1925145.1479,1783.0
ILVUSDT,2023-11-10,,1923346.1281,810.0
AEVOUSDT,2024-03-13,,1917687.566541,686.0
SKLUSDT,2020-12-08,,1905103.99452,1877.0
FUSDT,2025-06-18,,1874846.32559,224.0
XANUSDT,2025-09-29,,1869584.68086,121.0
COOKIEUSDT,2025-01-07,,1865203.29907,386.0
STORJUSDT,2020-09-16,,1863293.5051,1960.0
TLMUSDT,2023-03-30,,1845494.534265,1035.0
RECALLUSDT,2025-10-15,,1830197.0962,105.0
BTCDOMUSDT,2021-06-21,,1822542.6,1682.0
MITOUSDT,2025-08-28,,1815506.91493,153.0
SCRUSDT,2024-10-22,,1769192.91297,463.0
LAUSDT,2025-06-05,,1768289.19159,237.0
DYMUSDT,2024-02-07,,1764928.754648,721.0
NILUSDT,2025-03-24,,1743247.204138,310.0
REZUSDT,2024-04-30,,1739165.568024,638.0
EPICUSDT,2025-03-13,,1731654.8159,321.0
C98USDT,2021-08-24,,1685073.1315,1618.0
JOEUSDT,2023-03-29,,1657825.9866,1036.0
COWUSDT,2024-11-06,,1647875.3097,448.0
NTRNUSDT,2023-11-14,,1637526.62976,806.0
TRUUSDT,2023-03-07,,1622600.35633,1058.0
1000000MOGUSDT,2024-11-07,,1617914.83645,447.0
SANTOSUSDT,2024-10-28,,1616980.0946,457.0
BANDUSDT,2020-07-29,,1606194.2752,2009.0
SIGNUSDT,2025-04-28,,1601034.30809,275.0
VICUSDT,2025-03-12,,1583720.5318,322.0
CKBUSDT,2023-02-28,,1578061.834417,1065.0
AIOUSDT,2025-08-13,,1565708.88453,168.0
ONUSDT,2025-10-24,,1552334.90626,96.0
ENJUSDT,2020-09-29,,1541044.26365,1947.0
USUSDT,2025-12-12,,1537090.53628,47.0
BLESSUSDT,2025-09-23,,1530306.37536,127.0
AIUSDT,2024-01-08,,1512312.21568,751.0
HAEDALUSDT,2025-05-01,,1511555.29104,272.0
SAFEUSDT,2024-10-25,,1493392.4104,460.0
LQTYUSDT,2023-03-10,,1474817.72334,1055.0
1000XECUSDT,2021-09-17,,1474617.49925,1594.0
POWRUSDT,2023-10-27,,1464418.93571,824.0
TAUSDT,2025-07-21,,1457490.10409,191.0
BANKUSDT,2025-04-18,,1381737.16317,285.0
TUTUSDT,,,1377147.11457,
AINUSDT,2025-07-10,,1376203.99285,202.0
SQDUSDT,2025-06-11,,1364742.82173,231.0
PORTALUSDT,2024-02-29,,1335238.119903,699.0
BMTUSDT,2025-03-17,,1329136.57329,317.0
ALLUSDT,2025-08-06,,1320628.6022,175.0
DENTUSDT,2021-03-24,,1317741.583997,1771.0
UAIUSDT,2025-11-06,,1294011.2328,83.0
GMXUSDT,2023-02-17,,1287595.7416,1076.0
PUMPBTCUSDT,2025-06-13,,1286679.6401,229.0
BUSDT,2025-05-22,,1284737.8812,251.0
APRUSDT,2025-10-23,,1279418.08831,97.0
AVAAIUSDT,2025-01-17,,1277226.60497,376.0
ASRUSDT,2025-05-06,,1272025.5316,267.0
XNYUSDT,2025-08-13,,1269650.976082,168.0
CELRUSDT,2021-03-29,,1263608.95769,1766.0
PHBUSDT,2023-02-16,,1252865.1835,1077.0
RAREUSDT,2024-08-15,,1243156.26007,531.0
USTCUSDT,2023-11-27,,1242064.476693,793.0
ICXUSDT,2020-09-15,,1237371.1326,1961.0
UMAUSDT,2023-05-10,,1225439.558,994.0
ARIAUSDT,2025-09-03,,1187067.18947,147.0
VINEUSDT,2025-01-24,,1181128.0486,369.0
HOTUSDT,2021-03-30,,1170700.977705,1765.0
LSKUSDT,2024-01-25,,1164566.6703,734.0
SOLVUSDT,2025-01-17,,1164254.19467,376.0
RIFUSDT,2023-10-21,,1151353.33692,830.0
CUSDT,2025-07-15,,1142706.50767,197.0
OGNUSDT,2021-04-01,,1137917.4669,1763.0
VTHOUSDT,2025-01-22,,1104563.5816123,371.0
MLNUSDT,2025-03-31,,1100035.16011,303.0
SONICUSDT,2025-01-08,,1090824.576656,385.0
BSVUSDT,2023-10-20,,1089135.603,831.0
BELUSDT,2020-11-18,,1088856.737,1897.0
AIOTUSDT,2025-04-30,,1088378.2639,273.0
CETUSUSDT,2024-11-06,,1087711.41349,448.0
TSTUSDT,2025-02-09,,1082951.7428,353.0
PIXELUSDT,2024-02-19,,1072888.68544,709.0
CHILLGUYUSDT,2024-11-27,,1065554.92514,427.0
SPELLUSDT,2022-09-06,,1059327.3034839,1240.0
ACEUSDT,2023-12-18,,1022417.700598,772.0
CGPTUSDT,2024-12-20,,983960.94723,404.0
KNCUSDT,2020-06-22,,977444.2991,2046.0
MOCAUSDT,2024-12-16,,974917.73493,408.0
CTSIUSDT,2021-10-26,,969553.5161,1555.0
SIRENUSDT,2025-03-22,,965946.6758,312.0
MOVRUSDT,2023-12-26,,961493.60532,764.0
MTLUSDT,2021-03-31,,957862.4387,1764.0
RLCUSDT,2020-07-31,,956072.7644,2007.0
ATAUSDT,2021-08-31,,951742.793,1611.0
TOWNSUSDT,2025-08-05,,951090.337496,176.0
LISTAUSDT,2024-06-20,,932352.9023,587.0
A2ZUSDT,2025-07-30,,901853.353465,182.0
VELODROMEUSDT,2024-12-13,,899220.83595,411.0
HIPPOUSDT,2024-11-13,,892300.358435,441.0
NKNUSDT,2021-04-09,,864356.60733,1755.0
HOOKUSDT,2023-01-23,,857035.167567,1101.0
PUNDIXUSDT,2025-04-30,,856967.0995,273.0
TUSDT,2023-02-01,,843651.76512,1092.0
HIGHUSDT,2023-02-07,,839869.11528,1086.0
CROSSUSDT,2025-07-10,,829838.51531,202.0
LUMIAUSDT,2024-12-18,,820453.11037,406.0
1000WHYUSDT,2024-11-25,,797053.653059,429.0
HIVEUSDT,2024-12-23,,794740.52473,401.0
WAXPUSDT,2023-10-18,,781583.495817,833.0
AKEUSDT,2025-09-26,,772511.7996462,124.0
IOTXUSDT,2021-08-12,,771157.26926,1630.0
CATIUSDT,2024-09-20,,769092.08866,495.0
RDNTUSDT,2023-04-05,,764124.02787,1029.0
ZKJUSDT,2025-05-13,,750248.350622,260.0
BICOUSDT,2023-09-28,,749522.42688,853.0
OLUSDT,2025-06-25,,744800.79444,217.0
DIAUSDT,2024-10-02,,736574.6806,483.0
RPLUSDT,2024-09-09,,725703.9004,506.0
AVAUSDT,2024-12-13,,722971.79828,411.0
DEGOUSDT,2024-12-13,,711300.85837,411.0
MBOXUSDT,2024-08-28,,710965.51879,518.0
VFYUSDT,2025-09-30,,702724.75141,120.0
SFPUSDT,2021-02-24,,701532.0362,1799.0
TACUSDT,2025-07-15,,693675.276502,197.0
FLUXUSDT,2024-09-03,,688442.3296,512.0
PUFFERUSDT,2025-06-04,,688215.9706,238.0
DFUSDT,2024-12-30,,685149.5888,394.0
MAVUSDT,2023-06-29,,672745.70215,944.0
DEGENUSDT,2024-11-15,,663661.964704,439.0
JCTUSDT,2025-11-10,,645316.16728,79.0
ETHWUSDT,2023-11-28,,643677.9583,792.0
ALPINEUSDT,2025-05-06,,643098.13699,267.0
STEEMUSDT,2023-11-08,,631889.53901,812.0
CARVUSDT,2025-08-07,,623692.7758,174.0
MAVIAUSDT,2025-03-26,,620485.46897,308.0
ACXUSDT,2024-12-06,,610961.37006,418.0
ARKUSDT,2023-09-19,,609887.4847,862.0
GHSTUSDT,2024-09-23,,602049.2901,492.0
FORTHUSDT,2025-04-08,,587794.217,295.0
KOMAUSDT,2024-12-10,,585553.36641,414.0
UBUSDT,2025-09-12,,574159.08873,138.0
DAMUSDT,2025-08-18,,570901.01225,163.0
CVCUSDT,2025-05-16,,564005.18259,257.0
AWEUSDT,2025-05-21,,549293.60369,252.0
BNTUSDT,2023-08-10,,518514.6001,902.0
OXTUSDT,2023-08-11,,515852.41949,901.0
AERGOUSDT,2025-04-16,,503559.16729,287.0
FIOUSDT,2024-09-20,,483926.34986,495.0
CTKUSDT,2025-04-30,,478246.9958,273.0
1000000BOBUSDT,2025-06-05,,474310.2362,237.0
SYSUSDT,2024-08-19,,469622.27877,527.0
CHESSUSDT,2024-08-29,,435421.80609,517.0
BROCCOLIF3BUSDT,,,427697.762072,
TAGUSDT,2025-07-25,,425895.5632633,187.0
COSUSDT,2024-09-30,,422760.116446,485.0
SKYAIUSDT,2025-05-13,,419503.91482,260.0
B3USDT,2025-02-13,,414397.794862,349.0
